graph_id,family,configuration_id,task_id,feature_regime,task_seed,pipeline_seed,stage,constructor,ratio,val_acc,val_f1,test_acc,test_f1,loss,best_epoch,selection_metric,selection_value,training_seconds,vgae_seconds_shared,geometry_seconds_shared,rewiring_seconds,undirected_edges,learned_umap_trustworthiness,raw_umap_trustworthiness,param_n,param_target_avg_degree,param_latent_homophily,param_corruption_fraction,param_corruption_mode
latent_corruption_recovery__ed4dd8c549__i00,latent_corruption_recovery,latent_corruption_recovery__ed4dd8c549,latent_corruption_recovery__ed4dd8c549__i00__noisy__t00,noisy,964093548,41001,original,original,,0.575,0.5682539682539682,0.525,0.5174603174603174,0.624906599521637,31.0,f1,0.5682539682539682,4.139446185901761,8.130529853049666,3.854870453942567,0.0,3636,0.8539539765068361,0.7088865780858848,600,12,0.2,0.5,degree_preserving
latent_corruption_recovery__ed4dd8c549__i00,latent_corruption_recovery,latent_corruption_recovery__ed4dd8c549,latent_corruption_recovery__ed4dd8c549__i00__noisy__t00,noisy,964093548,41001,geometry,delaunay,0.0,0.575,0.5725958516656191,0.5416666666666666,0.5416348357524827,0.6649466156959534,11.0,f1,0.5725958516656191,3.3247511140070856,8.130529853049666,3.854870453942567,0.0009494218975305557,2073,0.8539539765068361,0.7088865780858848,600,12,0.2,0.5,degree_preserving
latent_corruption_recovery__ed4dd8c549__i00,latent_corruption_recovery,latent_corruption_recovery__ed4dd8c549,latent_corruption_recovery__ed4dd8c549__i00__noisy__t00,noisy,964093548,41001,refined,delaunay,0.1,0.5666666666666667,0.5655806182121972,0.525,0.5247029393370857,0.4573916494846344,145.0,f1,0.5655806182121972,3.5389875730033964,8.130529853049666,3.854870453942567,0.017219091998413205,2073,0.8539539765068361,0.7088865780858848,600,12,0.2,0.5,degree_preserving
latent_corruption_recovery__ed4dd8c549__i00,latent_corruption_recovery,latent_corruption_recovery__ed4dd8c549,latent_corruption_recovery__ed4dd8c549__i00__noisy__t00,noisy,964093548,41001,refined,delaunay,0.25,0.575,0.5735488816110376,0.5166666666666667,0.5165323701028064,0.3265528678894043,318.0,f1,0.5735488816110376,4.628152633085847,8.130529853049666,3.854870453942567,0.017064547166228294,2073,0.8539539765068361,0.7088865780858848,600,12,0.2,0.5,degree_preserving
latent_corruption_recovery__ed4dd8c549__i00,latent_corruption_recovery,latent_corruption_recovery__ed4dd8c549,latent_corruption_recovery__ed4dd8c549__i00__noisy__t00,noisy,964093548,41001,refined,delaunay,0.4,0.5666666666666667,0.5636363636363636,0.6,0.5972027972027971,0.8688256740570068,2.0,f1,0.5636363636363636,3.280634192051366,8.130529853049666,3.854870453942567,0.017325232969596982,2073,0.8539539765068361,0.7088865780858848,600,12,0.2,0.5,degree_preserving
latent_corruption_recovery__ed4dd8c549__i00,latent_corruption_recovery,latent_corruption_recovery__ed4dd8c549,latent_corruption_recovery__ed4dd8c549__i00__noisy__t00,noisy,964093548,41001,refined,delaunay,0.55,0.575,0.5742608695652174,0.5583333333333333,0.5469762803618492,0.7673242092132568,3.0,f1,0.5742608695652174,3.382264924934134,8.130529853049666,3.854870453942567,0.018522724974900484,2073,0.8539539765068361,0.7088865780858848,600,12,0.2,0.5,degree_preserving
latent_corruption_recovery__ed4dd8c549__i00,latent_corruption_recovery,latent_corruption_recovery__ed4dd8c549,latent_corruption_recovery__ed4dd8c549__i00__noisy__t00,noisy,964093548,41001,geometry,raw_umap_delaunay,0.0,0.6,0.5972027972027971,0.5,0.5,0.4920905530452728,104.0,f1,0.5972027972027971,4.111253479961306,8.130529853049666,3.854870453942567,0.0010154270566999912,2073,0.8539539765068361,0.7088865780858848,600,12,0.2,0.5,degree_preserving
latent_corruption_recovery__ed4dd8c549__i00,latent_corruption_recovery,latent_corruption_recovery__ed4dd8c549,latent_corruption_recovery__ed4dd8c549__i00__noisy__t00,noisy,964093548,41001,geometry,knn,0.0,0.5666666666666667,0.5636363636363636,0.5416666666666666,0.5401017350707268,0.8080220818519592,3.0,f1,0.5636363636363636,4.18758453708142,8.130529853049666,3.854870453942567,0.0009723149705678225,2073,0.8539539765068361,0.7088865780858848,600,12,0.2,0.5,degree_preserving
latent_corruption_recovery__ed4dd8c549__i00,latent_corruption_recovery,latent_corruption_recovery__ed4dd8c549,latent_corruption_recovery__ed4dd8c549__i00__noisy__t00,noisy,964093548,41001,geometry,mutual_knn,0.0,0.575,0.5735488816110376,0.5166666666666667,0.5145089285714286,0.6151844263076782,29.0,f1,0.5735488816110376,3.0515431850217283,8.130529853049666,3.854870453942567,0.0009826540481299162,2073,0.8539539765068361,0.7088865780858848,600,12,0.2,0.5,degree_preserving
latent_corruption_recovery__ed4dd8c549__i00,latent_corruption_recovery,latent_corruption_recovery__ed4dd8c549,latent_corruption_recovery__ed4dd8c549__i00__noisy__t00,noisy,964093548,41001,geometry,mst_knn,0.0,0.55,0.55,0.5083333333333333,0.5074782608695653,0.5567309260368347,49.0,f1,0.55,2.563357688020915,8.130529853049666,3.854870453942567,0.0009615139570087194,2073,0.8539539765068361,0.7088865780858848,600,12,0.2,0.5,degree_preserving
latent_corruption_recovery__ed4dd8c549__i00,latent_corruption_recovery,latent_corruption_recovery__ed4dd8c549,latent_corruption_recovery__ed4dd8c549__i00__noisy__t00,noisy,964093548,41001,geometry,learned_hd_knn,0.0,0.6333333333333333,0.6329254727474972,0.55,0.5494994438264739,0.9808567762374878,2.0,f1,0.6329254727474972,2.9332623928785324,8.130529853049666,3.854870453942567,0.0009412858635187149,2073,0.8539539765068361,0.7088865780858848,600,12,0.2,0.5,degree_preserving
latent_corruption_recovery__ed4dd8c549__i00,latent_corruption_recovery,latent_corruption_recovery__ed4dd8c549,latent_corruption_recovery__ed4dd8c549__i00__noisy__t00,noisy,964093548,41001,geometry,raw_hd_knn,0.0,0.6166666666666667,0.6157059314954052,0.5666666666666667,0.5655806182121972,0.3415687680244446,161.0,f1,0.6157059314954052,2.5515008261427283,8.130529853049666,3.854870453942567,0.0009042560122907162,2073,0.8539539765068361,0.7088865780858848,600,12,0.2,0.5,degree_preserving
latent_corruption_recovery__ed4dd8c549__i00,latent_corruption_recovery,latent_corruption_recovery__ed4dd8c549,latent_corruption_recovery__ed4dd8c549__i00__noisy__t00,noisy,964093548,41001,geometry,delaunay_union_original,0.0,0.5583333333333333,0.555834904672114,0.49166666666666664,0.4887911166980935,0.584652304649353,56.0,f1,0.555834904672114,4.479500676039606,8.130529853049666,3.854870453942567,0.002350680995732546,5635,0.8539539765068361,0.7088865780858848,600,12,0.2,0.5,degree_preserving
latent_corruption_recovery__ed4dd8c549__i00,latent_corruption_recovery,latent_corruption_recovery__ed4dd8c549,latent_corruption_recovery__ed4dd8c549__i00__noisy__t00,noisy,964093548,41001,geometry,random_edge_budget_matched,0.0,0.55,0.5498749652681301,0.5083333333333333,0.5080258494892642,0.32463663816452026,195.0,f1,0.5498749652681301,2.985141406999901,8.130529853049666,3.854870453942567,0.0010401529725641012,2073,0.8539539765068361,0.7088865780858848,600,12,0.2,0.5,degree_preserving
latent_corruption_recovery__ed4dd8c549__i00,latent_corruption_recovery,latent_corruption_recovery__ed4dd8c549,latent_corruption_recovery__ed4dd8c549__i00__noisy__t00,noisy,964093548,41001,geometry,random_degree_matched,0.0,0.6,0.5998888580161156,0.5166666666666667,0.5154553049289892,0.45013394951820374,113.0,f1,0.5998888580161156,2.990123440977186,8.130529853049666,3.854870453942567,0.0009634478483349085,2073,0.8539539765068361,0.7088865780858848,600,12,0.2,0.5,degree_preserving
