constructor,ratio,feature_regime,mean_gain,median_gain,mean_test_f1,positive_fraction,n
delaunay,0.0,informative,-0.05066371689884892,-0.049624451115288626,0.6073734734422401,0.24722222222222223,360
delaunay,0.0,noisy,-0.006122789328203513,0.0,0.4921827273102299,0.49722222222222223,360
delaunay,0.0,partial,-0.01978556019014719,-0.02032603975910438,0.5433393920428812,0.35833333333333334,360
delaunay,0.1,informative,-0.034826486637090766,-0.032687803316379105,0.6232107037039983,0.33611111111111114,360
delaunay,0.1,noisy,0.0016407451664115225,0.006525537146958138,0.49994626180484497,0.5277777777777778,360
delaunay,0.1,partial,-0.01228013844686906,-0.01691789527917492,0.5508448137861592,0.3972222222222222,360
delaunay,0.25,informative,-0.017203686296821265,-0.011116883252384524,0.6408335040442678,0.3861111111111111,360
delaunay,0.25,noisy,-0.004056779857652277,-0.006427457446249507,0.4942487367807812,0.4444444444444444,360
delaunay,0.25,partial,-0.009088250151119241,-0.012606977464360014,0.5540367020819091,0.4361111111111111,360
delaunay,0.4,informative,-0.0060881398629700064,-0.0026405552046883107,0.6519490504781191,0.46111111111111114,360
delaunay,0.4,noisy,-0.0031552678417590685,-0.003872818211161061,0.49515024879667435,0.4722222222222222,360
delaunay,0.4,partial,-0.00391404815462772,-0.002782246781041442,0.5592109040784006,0.4666666666666667,360
delaunay,0.55,informative,-0.002493197204345765,0.00012517381388538196,0.6555439931367434,0.5,360
delaunay,0.55,noisy,-0.0009191656998842414,-0.004388121462207795,0.4973863509385492,0.46111111111111114,360
delaunay,0.55,partial,-0.004667740014174913,-0.004112119444266371,0.5584572122188535,0.45555555555555555,360
delaunay_union_original,0.0,informative,-0.02544951518548189,-0.02507467822402304,0.6325876751556072,0.31666666666666665,360
delaunay_union_original,0.0,noisy,0.0009104279760883966,0.00031363168767301053,0.49921594461452184,0.5,360
delaunay_union_original,0.0,partial,-0.008183455056040805,-0.0022109684271525987,0.5549414971769875,0.4444444444444444,360
knn,0.0,informative,-0.06156219199475552,-0.061362193226664696,0.5964749983463336,0.19166666666666668,360
knn,0.0,noisy,0.006364155930097122,0.00793970559718743,0.5046696725685306,0.5416666666666666,360
knn,0.0,partial,-0.03142548739889346,-0.03348921993763526,0.5316994648341349,0.33611111111111114,360
learned_hd_knn,0.0,informative,0.00934325446853206,0.008503459235721766,0.6673804448096211,0.5527777777777778,360
learned_hd_knn,0.0,noisy,0.0025988756899704684,0.0059224526445156855,0.5009043923284039,0.5333333333333333,360
learned_hd_knn,0.0,partial,0.0045585942811186865,0.0008804647495855022,0.567683546514147,0.5055555555555555,360
mst_knn,0.0,informative,-0.06057688059609293,-0.06049536403202471,0.5974603097449962,0.18333333333333332,360
mst_knn,0.0,noisy,0.007434908099926231,0.008985611491601875,0.5057404247383597,0.5527777777777778,360
mst_knn,0.0,partial,-0.03472776797519408,-0.0347580778660771,0.5283971842578342,0.2972222222222222,360
mutual_knn,0.0,informative,-0.06236916661705329,-0.060973841354480696,0.5956680237240358,0.18611111111111112,360
mutual_knn,0.0,noisy,0.001197148758422651,0.008482582987885207,0.4995026653968561,0.5222222222222223,360
mutual_knn,0.0,partial,-0.03129518340507094,-0.03283693662457543,0.5318297688279574,0.32222222222222224,360
original,,informative,0.0,0.0,0.6580371903410891,0.0,360
original,,noisy,0.0,0.0,0.49830551663843337,0.0,360
original,,partial,0.0,0.0,0.5631249522330283,0.0,360
random_degree_matched,0.0,informative,0.0007215226560662014,0.004102016604196901,0.6587587129971553,0.5194444444444445,360
random_degree_matched,0.0,noisy,0.002383006323488485,0.007709586562946347,0.5006885229619219,0.5166666666666667,360
random_degree_matched,0.0,partial,0.004450838767086299,0.007935570724141194,0.5675757910001147,0.5305555555555556,360
random_edge_budget_matched,0.0,informative,-0.0017926845099401913,0.000825783746610409,0.6562445058311489,0.5055555555555555,360
random_edge_budget_matched,0.0,noisy,-0.0003221082309511862,0.001045778963720212,0.49798340840748223,0.5055555555555555,360
random_edge_budget_matched,0.0,partial,-0.0016804166885037556,-0.0030107716132624085,0.5614445355445246,0.48055555555555557,360
raw_hd_knn,0.0,informative,0.14461746937128653,0.14482834549313756,0.8026546597123756,0.9722222222222222,360
raw_hd_knn,0.0,noisy,0.0018193343282969165,0.0,0.5001248509667303,0.49722222222222223,360
raw_hd_knn,0.0,partial,0.060858657408469616,0.061050414883343174,0.6239836096414979,0.8083333333333333,360
raw_umap_delaunay,0.0,informative,0.12243451769069189,0.12438448102021976,0.780471708031781,0.9444444444444444,360
raw_umap_delaunay,0.0,noisy,-0.0030721090496763927,-4.796861892950033e-05,0.49523340758875706,0.48055555555555557,360
raw_umap_delaunay,0.0,partial,0.013250709113643584,0.009574371696205508,0.576375661346672,0.5638888888888889,360
