constructor,ratio,n_graphs,mean_gain_pp,median_gain_pp,ci95_low_pp,ci95_high_pp,positive_graph_fraction,wilcoxon_statistic,wilcoxon_p,wilcoxon_p_holm
delaunay,0.0,180,-2.552402213906654,-2.416417702566155,-3.0371277645145116,-2.020647397675113,0.25555555555555554,2372.0,1.628843489396083e-16,1.4659591404564746e-15
delaunay,0.1,180,-1.5155293305849435,-1.310366603775401,-2.051041048368029,-0.9849338661270725,0.31666666666666665,4421.0,1.0394541924551567e-07,8.315633539641254e-07
delaunay,0.25,180,-1.0116238768530925,-1.1207581741761365,-1.4949229489853342,-0.531444120630978,0.37222222222222223,5438.0,0.00011022038119787363,0.0006613222871872418
delaunay,0.4,180,-0.4385818619785598,0.035722570250140986,-0.916798023049994,0.022685001992868443,0.5111111111111111,7143.0,0.15233147983568826,0.609325919342753
delaunay,0.55,180,-0.2693367639468306,-0.11048450340841906,-0.7757143685935274,0.20044686133658732,0.49444444444444446,7720.0,0.5437797476567672,1.0
delaunay_union_original,0.0,180,-1.09075140884781,-1.0552234036862704,-1.5091145893852478,-0.6811357807619427,0.31666666666666665,4628.0,5.060862344670579e-07,3.5426036412694053e-06
knn,0.0,180,-2.887450782118395,-2.7891627843961313,-3.4114942456293265,-2.367654027544401,0.19444444444444445,1899.0,4.565643316340691e-19,4.5656433163406906e-18
learned_hd_knn,0.0,180,0.5500241479873739,0.6769144654450205,0.026765002726853986,1.0697820145888304,0.5388888888888889,6620.0,0.0293730257242309,0.1468651286211545
mst_knn,0.0,180,-2.9289913490453587,-2.6592293858107037,-3.443071673061395,-2.4249081318028454,0.18888888888888888,1882.0,3.665402585210884e-19,4.0319428437319725e-18
mutual_knn,0.0,180,-3.0822400421233858,-2.799084238254517,-3.5974266562515074,-2.589000394135379,0.16666666666666666,1370.0,3.7394655373611553e-22,4.487358644833386e-21
random_degree_matched,0.0,180,0.25184559155469954,0.18369081631160009,-0.336584905455934,0.8207092324472091,0.5055555555555555,7510.0,0.3643593979372398,1.0
random_edge_budget_matched,0.0,180,-0.12650698097983776,-0.17575762865850164,-0.7369927549527637,0.4675431569815147,0.4722222222222222,7751.0,0.5735546535543286,1.0
raw_hd_knn,0.0,180,6.909848703601768,6.795404736264282,6.353267668841043,7.511602493630718,0.9388888888888889,158.0,3.756087179898132e-30,5.258522051857385e-29
raw_umap_delaunay,0.0,180,4.4204372584886364,4.184163123647804,3.8359950664860483,5.027131125708698,0.8666666666666667,1010.0,2.1471560063829834e-24,2.7913028082978784e-23
