dimension,level,constructor,ratio,n_graphs,mean_gain_pp,median_gain_pp,ci95_low_pp,ci95_high_pp,positive_graph_fraction,wilcoxon_p
param_corruption_fraction,0.0,delaunay,0.0,36,-2.1375070095961872,-1.8367843057731914,-3.5266712432259295,-0.8477226572643098,0.3055555555555556,0.0018451741489116102
param_corruption_fraction,0.0,delaunay,0.1,36,-1.427560823829505,-1.1225885079517643,-2.834898831843239,-0.12420801575628991,0.3055555555555556,0.03775702390703373
param_corruption_fraction,0.0,delaunay,0.25,36,-0.5092788829078613,-0.7412586588622839,-1.6744395723968786,0.5420926100515115,0.4444444444444444,0.33029284319491126
param_corruption_fraction,0.0,delaunay,0.4,36,-0.24462302137562006,0.02164800005279869,-1.248314767147523,0.7493604508797057,0.5277777777777778,0.6807392418850213
param_corruption_fraction,0.0,delaunay,0.55,36,0.2809596106691226,0.2773092282268135,-0.8428994748526034,1.3723628422820413,0.5555555555555556,0.5393326855264604
param_corruption_fraction,0.0,delaunay_union_original,0.0,36,-0.8832003221041381,-0.9726037450996436,-1.859820539057539,0.13591361483501252,0.3333333333333333,0.05559759485186078
param_corruption_fraction,0.0,knn,0.0,36,-2.654347974072225,-2.0299841984426648,-4.194077369792011,-1.2116886920795267,0.25,0.000991061155218631
param_corruption_fraction,0.0,learned_hd_knn,0.0,36,0.818220587314336,0.15224401631082168,-0.3281224814305466,2.0417016983109586,0.5,0.31492819578852504
param_corruption_fraction,0.0,mst_knn,0.0,36,-2.5470632393611883,-2.1655370078682434,-3.9882404661854323,-1.0519283246081848,0.2777777777777778,0.0013592800532933325
param_corruption_fraction,0.0,mutual_knn,0.0,36,-2.9198219867883086,-2.812656775206696,-4.223005880853035,-1.6889214997999173,0.19444444444444445,3.3327145501971245e-05
param_corruption_fraction,0.0,random_degree_matched,0.0,36,1.0606289446287083,1.299684749417374,-0.25297964115616234,2.3191215994837666,0.5277777777777778,0.10794601368252188
param_corruption_fraction,0.0,random_edge_budget_matched,0.0,36,0.005242412673172442,0.016813834220565482,-1.3302355789706657,1.2892912146635656,0.5277777777777778,0.8828056627244223
param_corruption_fraction,0.0,raw_hd_knn,0.0,36,8.073293392127788,8.58578932006241,6.686407923424724,9.410445409164188,0.9722222222222222,5.820766091346741e-11
param_corruption_fraction,0.0,raw_umap_delaunay,0.0,36,6.068410056362396,6.366967093469835,4.66715100760427,7.423499337371886,0.9166666666666666,7.363269105553627e-09
param_corruption_fraction,0.25,delaunay,0.0,72,-3.0658929425145547,-2.895065653136757,-3.8456313312071537,-2.307782176941497,0.18055555555555555,4.865939941573567e-10
param_corruption_fraction,0.25,delaunay,0.1,72,-2.110316094017321,-1.8917628358328744,-2.8903208837161922,-1.3988174223655183,0.2638888888888889,1.7428410477911243e-06
param_corruption_fraction,0.25,delaunay,0.25,72,-1.649746629736397,-1.4324178046724965,-2.3561275467941045,-1.0017173667794605,0.2638888888888889,1.854524730398246e-05
param_corruption_fraction,0.25,delaunay,0.4,72,-0.8276176101000554,0.1140761310140441,-1.5618257757635496,-0.07648835130915145,0.5277777777777778,0.11874787956098853
param_corruption_fraction,0.25,delaunay,0.55,72,-0.8499362192514686,-0.6364998357540124,-1.566837454958264,-0.10686909376588848,0.3888888888888889,0.03998732538373493
param_corruption_fraction,0.25,delaunay_union_original,0.0,72,-1.415668916504202,-1.3131288941194392,-2.088190498467365,-0.7649665548318517,0.2638888888888889,9.614225328649817e-05
param_corruption_fraction,0.25,knn,0.0,72,-3.0897134039593337,-2.592227516464292,-3.901305781198022,-2.3172962638775387,0.1527777777777778,1.9865823417323462e-09
param_corruption_fraction,0.25,learned_hd_knn,0.0,72,-0.2855500136110082,-0.4551311058231229,-1.013070806251558,0.45584008142896876,0.4583333333333333,0.5785132859693987
param_corruption_fraction,0.25,mst_knn,0.0,72,-3.3254550585420954,-2.9144777840555713,-4.123888941544866,-2.4791814804032044,0.1527777777777778,6.246322305723358e-10
param_corruption_fraction,0.25,mutual_knn,0.0,72,-3.2005679265282234,-2.9061295913185745,-3.9595655749866965,-2.413115658665151,0.125,4.529586265670316e-10
param_corruption_fraction,0.25,random_degree_matched,0.0,72,-0.3948156249435104,-0.2129524749126609,-1.25117116944125,0.4916372380365165,0.4722222222222222,0.4588489543655122
param_corruption_fraction,0.25,random_edge_budget_matched,0.0,72,-0.4155811726055665,-0.5201519755241967,-1.2839792274618713,0.4583886519352271,0.4166666666666667,0.2738320935580546
param_corruption_fraction,0.25,raw_hd_knn,0.0,72,6.3063209431888785,6.339450557550842,5.541393802835887,7.109868921282097,0.9444444444444444,4.5172321911029114e-13
param_corruption_fraction,0.25,raw_umap_delaunay,0.0,72,3.4654050459301136,3.1594610039354025,2.6241163178063083,4.284841000322385,0.8472222222222222,8.294191962582488e-10
param_corruption_fraction,0.5,delaunay,0.0,72,-2.246359087453987,-2.4036956062296513,-3.050723833499442,-1.4776212345054334,0.3055555555555556,2.6402667180568826e-06
param_corruption_fraction,0.5,delaunay,0.1,72,-0.9647268205302849,-1.1851064766609416,-1.8195860061356117,-0.11904756987740331,0.375,0.02862880242445443
param_corruption_fraction,0.5,delaunay,0.25,72,-0.6246736209424042,-0.6131305045751974,-1.4028325289645294,0.16416054025952076,0.4444444444444444,0.2087466323352004
param_corruption_fraction,0.5,delaunay,0.4,72,-0.14652553415853423,-0.031189375668667606,-0.8318506594763051,0.5863874470211734,0.4861111111111111,0.7490695121743014
param_corruption_fraction,0.5,delaunay,0.55,72,0.036114504049830506,0.5658919492760206,-0.7413108333319461,0.7900589239113255,0.5694444444444444,0.5223461602547816
param_corruption_fraction,0.5,delaunay_union_original,0.0,72,-0.8696094445632534,-0.8584351618961714,-1.4994121925129713,-0.264598238364578,0.3611111111111111,0.006719239307962174
param_corruption_fraction,0.5,knn,0.0,72,-2.8017395643005423,-2.9432819670447636,-3.555430828405257,-2.0756612441915827,0.20833333333333334,3.4395421067210813e-09
param_corruption_fraction,0.5,learned_hd_knn,0.0,72,1.251500089922275,1.3710136441018288,0.4283115514328309,2.0296001074239105,0.6388888888888888,0.002353729562520653
param_corruption_fraction,0.5,mst_knn,0.0,72,-2.723491694390708,-2.6318775506747834,-3.4582211583526865,-2.040560997360494,0.18055555555555555,6.756025041738334e-09
param_corruption_fraction,0.5,mutual_knn,0.0,72,-3.0451211853860882,-2.704173337477699,-3.7581218209936025,-2.3550048853367134,0.19444444444444445,3.396963463174109e-10
param_corruption_fraction,0.5,random_degree_matched,0.0,72,0.4941151315159051,0.6277104354271165,-0.37859540865731184,1.4145262443675657,0.5277777777777778,0.3458013708109299
param_corruption_fraction,0.5,random_edge_budget_matched,0.0,72,0.09669251381938598,-0.0018469985790965787,-0.9237572667267432,1.1478014617434424,0.5,0.7661460636352315
param_corruption_fraction,0.5,raw_hd_knn,0.0,72,6.931654119751649,6.889145038816308,5.936039018050321,7.937946373034158,0.9166666666666666,8.72231139233189e-13
param_corruption_fraction,0.5,raw_umap_delaunay,0.0,72,4.551483072110279,4.4337593625052625,3.560036745559838,5.500588564072881,0.8611111111111112,1.4690628761060384e-10
param_corruption_mode,degree_preserving,delaunay,0.0,72,-2.5538074219477056,-2.270962898110076,-3.346220865296503,-1.7266366300279266,0.2777777777777778,1.4113215147011746e-07
param_corruption_mode,degree_preserving,delaunay,0.1,72,-1.682802429521547,-1.8207818130863453,-2.517449831490781,-0.8387896001729992,0.3055555555555556,0.00018183655173412556
param_corruption_mode,degree_preserving,delaunay,0.25,72,-1.2473926995498057,-1.3598756643323153,-1.9789648981960297,-0.5001974398138792,0.3194444444444444,0.0013540214650315963
param_corruption_mode,degree_preserving,delaunay,0.4,72,-0.3530901910758696,0.2363277051955412,-1.0230660335042476,0.35781305811684483,0.5416666666666666,0.38747759469622833
param_corruption_mode,degree_preserving,delaunay,0.55,72,-0.7002135277280692,-0.4152925939600806,-1.456626311415485,-0.008586903180379073,0.4166666666666667,0.10727652396367456
param_corruption_mode,degree_preserving,delaunay_union_original,0.0,72,-0.9116364296879182,-1.112776375339942,-1.5300743022717338,-0.26392508135133125,0.375,0.011377879017391453
param_corruption_mode,degree_preserving,knn,0.0,72,-2.9444318920844745,-2.984513907996428,-3.686709987646048,-2.2456655999195085,0.16666666666666666,1.790718524481476e-09
param_corruption_mode,degree_preserving,learned_hd_knn,0.0,72,0.15645381792923346,-0.05282951563818502,-0.634278099742597,0.9857615723783344,0.4722222222222222,0.6333664324906156
param_corruption_mode,degree_preserving,mst_knn,0.0,72,-3.105391091394988,-3.15447124954711,-3.798304623189141,-2.416202899528844,0.16666666666666666,3.1602048548700946e-10
param_corruption_mode,degree_preserving,mutual_knn,0.0,72,-2.8959790579738875,-2.7685903772497564,-3.6828615173515487,-2.201688503821717,0.18055555555555555,1.4040260103858431e-09
param_corruption_mode,degree_preserving,random_degree_matched,0.0,72,0.3353889286427297,0.39526752520758157,-0.5759174749683358,1.2270252401264532,0.5277777777777778,0.3544826583655818
param_corruption_mode,degree_preserving,random_edge_budget_matched,0.0,72,-0.0029474278002586582,-0.23775084462192464,-0.8826422174576183,0.9078355940368396,0.4722222222222222,0.9597197727358833
param_corruption_mode,degree_preserving,raw_hd_knn,0.0,72,6.6892869106199475,7.168488501874084,5.765246420994525,7.594245752995091,0.9166666666666666,9.464760045443927e-13
param_corruption_mode,degree_preserving,raw_umap_delaunay,0.0,72,4.361525414797711,4.051218875139513,3.4023318138783107,5.290957871265657,0.8888888888888888,2.1980344629795208e-10
param_corruption_mode,homophily_attack,delaunay,0.0,72,-2.7584446080208362,-2.895065653136757,-3.5330700367578127,-1.9837510989399145,0.20833333333333334,1.5953998172493374e-08
param_corruption_mode,homophily_attack,delaunay,0.1,72,-1.3922404850260592,-1.2228767349164542,-2.1625845072120478,-0.6144299980267619,0.3333333333333333,0.0016748404887775663
param_corruption_mode,homophily_attack,delaunay,0.25,72,-1.0270275511289952,-0.8190295552350897,-1.8233780829175523,-0.2403086624515654,0.3888888888888889,0.024788850312647076
param_corruption_mode,homophily_attack,delaunay,0.4,72,-0.62105295318272,-0.1420971439814905,-1.3943511797009387,0.18341212360266548,0.4722222222222222,0.27630008164045017
param_corruption_mode,homophily_attack,delaunay,0.55,72,-0.11360818747356863,0.2878541254242945,-0.910207382952494,0.6498097244657779,0.5416666666666666,0.8180300464051908
param_corruption_mode,homophily_attack,delaunay_union_original,0.0,72,-1.3736419313795374,-1.0179366284812719,-1.97353724705689,-0.7859645384195504,0.25,3.45147525289035e-05
param_corruption_mode,homophily_attack,knn,0.0,72,-2.947021076175402,-2.8535313108938967,-3.7157958258200736,-2.1286655423510816,0.19444444444444445,4.512496984181219e-09
param_corruption_mode,homophily_attack,learned_hd_knn,0.0,72,0.8094962583820332,1.1118456573262634,-0.00020964480286712165,1.5457029950329615,0.625,0.01760864257311429
param_corruption_mode,homophily_attack,mst_knn,0.0,72,-2.943555661537816,-2.4257662868448158,-3.7972945697747083,-2.158051988772143,0.16666666666666666,1.5953998172493374e-08
param_corruption_mode,homophily_attack,mutual_knn,0.0,72,-3.3497100539404223,-2.818213230678932,-4.1021052687453965,-2.6040962041508977,0.1388888888888889,7.823648053778239e-11
param_corruption_mode,homophily_attack,random_degree_matched,0.0,72,-0.2360894220703351,-0.23286058341136906,-1.1448818698094627,0.6861108674441359,0.4722222222222222,0.4935795740203516
param_corruption_mode,homophily_attack,random_edge_budget_matched,0.0,72,-0.31594123098592186,-0.48231432121883383,-1.3469250543351117,0.6875957491645146,0.4444444444444444,0.39679130766919246
param_corruption_mode,homophily_attack,raw_hd_knn,0.0,72,6.548688152320578,6.4074576309989375,5.663954376448609,7.436402921961564,0.9444444444444444,4.90659782145754e-13
param_corruption_mode,homophily_attack,raw_umap_delaunay,0.0,72,3.655362703242681,3.447295400511763,2.7796954140931995,4.528348410476641,0.8194444444444444,7.199563091175947e-10
param_corruption_mode,none,delaunay,0.0,36,-2.1375070095961872,-1.8367843057731914,-3.4044715826163903,-0.8900966780393098,0.3055555555555556,0.0018451741489116102
param_corruption_mode,none,delaunay,0.1,36,-1.427560823829505,-1.1225885079517643,-2.8896659749275204,-0.06940036981147876,0.3055555555555556,0.03775702390703373
param_corruption_mode,none,delaunay,0.25,36,-0.5092788829078613,-0.7412586588622839,-1.5851691486043364,0.6635550287964691,0.4444444444444444,0.33029284319491126
param_corruption_mode,none,delaunay,0.4,36,-0.24462302137562006,0.02164800005279869,-1.180653510290017,0.6886056407710105,0.5277777777777778,0.6807392418850213
param_corruption_mode,none,delaunay,0.55,36,0.2809596106691226,0.2773092282268135,-0.8682284077091426,1.4449909862959027,0.5555555555555556,0.5393326855264604
param_corruption_mode,none,delaunay_union_original,0.0,36,-0.8832003221041381,-0.9726037450996436,-1.8836333364495743,0.08121647884646184,0.3333333333333333,0.05559759485186078
param_corruption_mode,none,knn,0.0,36,-2.654347974072225,-2.0299841984426648,-4.1921840330099105,-1.2082973669660397,0.25,0.000991061155218631
param_corruption_mode,none,learned_hd_knn,0.0,36,0.818220587314336,0.15224401631082168,-0.39229716874644716,2.038722298369628,0.5,0.31492819578852504
param_corruption_mode,none,mst_knn,0.0,36,-2.5470632393611883,-2.1655370078682434,-4.078976397780349,-1.104878450084816,0.2777777777777778,0.0013592800532933325
param_corruption_mode,none,mutual_knn,0.0,36,-2.9198219867883086,-2.812656775206696,-4.269950039329695,-1.6601016564063364,0.19444444444444445,3.3327145501971245e-05
param_corruption_mode,none,random_degree_matched,0.0,36,1.0606289446287083,1.299684749417374,-0.32243191557233386,2.315505988234425,0.5277777777777778,0.10794601368252188
param_corruption_mode,none,random_edge_budget_matched,0.0,36,0.005242412673172442,0.016813834220565482,-1.287729188727574,1.3037359560177335,0.5277777777777778,0.8828056627244223
param_corruption_mode,none,raw_hd_knn,0.0,36,8.073293392127788,8.58578932006241,6.807686050905578,9.42200195572794,0.9722222222222222,5.820766091346741e-11
param_corruption_mode,none,raw_umap_delaunay,0.0,36,6.068410056362396,6.366967093469835,4.674508011552747,7.42766296302002,0.9166666666666666,7.363269105553627e-09
param_latent_homophily,0.2,delaunay,0.0,60,-2.293279776620888,-2.422646414485341,-3.077463405939844,-1.4719950990019324,0.26666666666666666,8.763371745769135e-07
param_latent_homophily,0.2,delaunay,0.1,60,-0.9228154075301557,-0.6009877058583,-1.8227109823816237,0.034553639407471304,0.36666666666666664,0.06570942338671504
param_latent_homophily,0.2,delaunay,0.25,60,-0.6598573631992529,-0.41251360705697504,-1.4672849479918535,0.13263451161511963,0.45,0.14495154829403192
param_latent_homophily,0.2,delaunay,0.4,60,-0.15833328518163078,0.38338659219425786,-0.9292434063992447,0.5385938954736382,0.6,0.7853303789132676
param_latent_homophily,0.2,delaunay,0.55,60,0.20728740269526783,0.4688812298616285,-0.5367654163577743,0.9548965547760548,0.55,0.4180687388873878
param_latent_homophily,0.2,delaunay_union_original,0.0,60,-1.0533659417698722,-1.0552234036862704,-1.7096294685348348,-0.3628429953546873,0.3,0.0008999070374378066
param_latent_homophily,0.2,knn,0.0,60,-2.1769053477219655,-2.255414103826428,-3.053848346581489,-1.2872066494747065,0.23333333333333334,1.4032900423244018e-05
param_latent_homophily,0.2,learned_hd_knn,0.0,60,0.6477045163789259,0.834013875782998,-0.21038413574751993,1.5398467574372923,0.5833333333333334,0.18514178655632985
param_latent_homophily,0.2,mst_knn,0.0,60,-2.3998866143488913,-2.1725548684458174,-3.25386248040611,-1.5240422419495212,0.23333333333333334,1.6479499917836712e-06
param_latent_homophily,0.2,mutual_knn,0.0,60,-2.5954196882996334,-2.8073832488812522,-3.401304559602687,-1.8129485087698858,0.23333333333333334,8.763371745769135e-07
param_latent_homophily,0.2,random_degree_matched,0.0,60,0.762595822546322,0.9129260771754153,-0.16935921933380987,1.7125291342148683,0.55,0.07850566825864076
param_latent_homophily,0.2,random_edge_budget_matched,0.0,60,0.4121175580711928,0.623563096755462,-0.6485423859303701,1.4111855240974744,0.5666666666666667,0.23885382738964556
param_latent_homophily,0.2,raw_hd_knn,0.0,60,7.40998279702089,7.331031535887738,6.532901136129809,8.304909912828778,0.9666666666666667,2.6966547644999904e-11
param_latent_homophily,0.2,raw_umap_delaunay,0.0,60,5.03273348203166,4.8176848536076164,3.998554278360391,6.062316287207231,0.9,5.440850916847441e-10
param_latent_homophily,0.5,delaunay,0.0,60,-2.385094034379433,-2.455887963314912,-3.258308525697547,-1.4765406028925643,0.26666666666666666,7.877258185102081e-06
param_latent_homophily,0.5,delaunay,0.1,60,-1.7615660950098295,-1.7730459050145937,-2.555144319963109,-0.943300786489528,0.26666666666666666,0.000141261633209595
param_latent_homophily,0.5,delaunay,0.25,60,-0.9812763854827831,-1.083359795179765,-1.7651054265612345,-0.19294164564457777,0.36666666666666664,0.015752248092459172
param_latent_homophily,0.5,delaunay,0.4,60,-0.5337772318135183,-0.35026139275101964,-1.2615002650743836,0.19096308278030075,0.4666666666666667,0.19257348770082505
param_latent_homophily,0.5,delaunay,0.55,60,-0.4520509534358517,-0.32266159889076484,-1.2370161134572433,0.28427668478443846,0.48333333333333334,0.24180187448132995
param_latent_homophily,0.5,delaunay_union_original,0.0,60,-0.7374825791748628,-0.7937388650083759,-1.3867869888905422,-0.0789392716550484,0.35,0.05468402173269242
param_latent_homophily,0.5,knn,0.0,60,-3.2251570697151313,-3.278176409390718,-3.9545733939537033,-2.5253812748775095,0.15,1.4373720306251741e-09
param_latent_homophily,0.5,learned_hd_knn,0.0,60,0.6937498025502858,1.0576105743760023,-0.16382938579327097,1.5171329117857926,0.55,0.05948786601845167
param_latent_homophily,0.5,mst_knn,0.0,60,-3.0277156017949722,-2.9144777840555713,-3.8523749679531663,-2.2316847451900865,0.15,1.6389050234083188e-08
param_latent_homophily,0.5,mutual_knn,0.0,60,-3.0372277296509496,-2.8317857676311116,-3.751614279805489,-2.325809230845832,0.13333333333333333,1.8890824383102673e-09
param_latent_homophily,0.5,random_degree_matched,0.0,60,0.5621547714955177,-0.1131408563543688,-0.4017585522718294,1.574990777341499,0.48333333333333334,0.596087375770981
param_latent_homophily,0.5,random_edge_budget_matched,0.0,60,-0.26063301286336726,-0.8825379914080111,-1.2611847202888304,0.8219494392582452,0.4166666666666667,0.28246695020720924
param_latent_homophily,0.5,raw_hd_knn,0.0,60,6.574380868937867,6.483460469618766,5.437876908738441,7.654630653949621,0.9166666666666666,8.016241871760066e-11
param_latent_homophily,0.5,raw_umap_delaunay,0.0,60,4.266278371743271,3.876472053841269,3.3391549902637423,5.192869040622706,0.8833333333333333,1.8052113765605007e-09
param_latent_homophily,0.8,delaunay,0.0,60,-2.9788328307196417,-2.2938303670750306,-3.922941338302811,-2.070784265493725,0.23333333333333334,6.001563068523746e-07
param_latent_homophily,0.8,delaunay,0.1,60,-1.8622064892148453,-1.256270660509924,-2.909524282233468,-0.903430630703788,0.31666666666666665,0.0002842235335029564
param_latent_homophily,0.8,delaunay,0.25,60,-1.3937378818772421,-1.6436224784687523,-2.3623458952288723,-0.43615520817865844,0.3,0.006747212202345499
param_latent_homophily,0.8,delaunay,0.4,60,-0.6236350689405303,-0.6754370250464341,-1.5521990215209482,0.24100972320270966,0.4666666666666667,0.20282034641554803
param_latent_homophily,0.8,delaunay,0.55,60,-0.5632467410999082,-0.28564514834016547,-1.58343824030974,0.4297956282475942,0.45,0.4096557792251261
param_latent_homophily,0.8,delaunay_union_original,0.0,60,-1.4814057055986949,-1.3320815293592132,-2.262401716616027,-0.6800570467193447,0.3,0.0005256854322375171
param_latent_homophily,0.8,knn,0.0,60,-3.2602899289180893,-2.9649127556793404,-4.296937830441039,-2.2433220660962987,0.2,4.088661130268423e-07
param_latent_homophily,0.8,learned_hd_knn,0.0,60,0.30861812503291003,-0.10683783530770581,-0.6634830125801162,1.2936642949386632,0.48333333333333334,0.5314879489046715
param_latent_homophily,0.8,mst_knn,0.0,60,-3.3593718309922145,-2.855808109851791,-4.39216290141722,-2.3151278863841847,0.18333333333333332,2.463126033921083e-07
param_latent_homophily,0.8,mutual_knn,0.0,60,-3.6140727084195747,-2.7823079892346767,-4.616190352075205,-2.630826831131805,0.13333333333333333,2.9663071409270014e-09
param_latent_homophily,0.8,random_degree_matched,0.0,60,-0.569213819377741,-0.14220313935977502,-1.5209519730923935,0.39639374446320097,0.48333333333333334,0.4395411325269485
param_latent_homophily,0.8,random_edge_budget_matched,0.0,60,-0.5310054881473388,-0.4073505343245941,-1.5064111784399459,0.39823824397513546,0.43333333333333335,0.2958623332952982
param_latent_homophily,0.8,raw_hd_knn,0.0,60,6.745182444846548,6.487732180360791,5.717413934269332,7.752738682959793,0.9333333333333333,4.019475902109398e-11
param_latent_homophily,0.8,raw_umap_delaunay,0.0,60,3.9622999216909793,3.5284393817519764,2.815534952726508,4.988146909115059,0.8166666666666667,6.275145279907656e-08
param_n,240,delaunay,0.0,90,-2.6009361062056073,-2.3378036471271915,-3.4403974697982838,-1.79152934912739,0.3,3.1860282020915877e-07
param_n,240,delaunay,0.1,90,-1.669034412687091,-1.4261483886458448,-2.665550042850481,-0.709831913260263,0.37777777777777777,0.0027387287296528826
param_n,240,delaunay,0.25,90,-1.2132016975229452,-1.3545666046600884,-2.048452418461022,-0.36505361946629294,0.35555555555555557,0.009845856299181433
param_n,240,delaunay,0.4,90,-0.8978221982444121,-0.41352013242549623,-1.6798292113429065,-0.09958156598076169,0.45555555555555555,0.05269571545997299
param_n,240,delaunay,0.55,90,-0.7264698757005628,-0.2686314514420285,-1.5843282765499098,0.07746182660397936,0.4444444444444444,0.1916590169939848
param_n,240,delaunay_union_original,0.0,90,-0.9200104140012635,-0.766716917085106,-1.6092447656710531,-0.20999284406664104,0.4111111111111111,0.025939806614646444
param_n,240,knn,0.0,90,-2.843736148345888,-2.1618291681905424,-3.701684009173408,-2.0119342971674374,0.25555555555555554,3.3418533552181655e-08
param_n,240,learned_hd_knn,0.0,90,0.39125112021607056,0.6332800361783912,-0.4878579167930261,1.2996035554711445,0.5222222222222223,0.32919107906410494
param_n,240,mst_knn,0.0,90,-2.9235786881288757,-2.4158889049981314,-3.8378019252115023,-2.0647189412048177,0.25555555555555554,4.394215404835064e-08
param_n,240,mutual_knn,0.0,90,-3.2259574809183844,-2.612066592584508,-4.1297957522811215,-2.3943216215451772,0.2,1.9214970061692468e-10
param_n,240,random_degree_matched,0.0,90,0.41193228532765785,0.5924846452074971,-0.5372178998577494,1.3561030190112842,0.5444444444444444,0.36422606502795585
param_n,240,random_edge_budget_matched,0.0,90,-0.32562714990265573,-0.18214313149414152,-1.3802843611915074,0.7982027418818801,0.4888888888888889,0.596725624319768
param_n,240,raw_hd_knn,0.0,90,7.0916255502268575,7.232510840927777,6.100046119900898,8.035498374813274,0.8888888888888888,4.953509757399601e-15
param_n,240,raw_umap_delaunay,0.0,90,4.226245928022817,4.062532937767851,3.2093768509251146,5.1927200031148875,0.8111111111111111,9.92561325735235e-11
param_n,600,delaunay,0.0,90,-2.503868321607701,-2.5682383724674334,-3.0659491819816864,-1.951697725246231,0.2111111111111111,4.434242928127038e-11
param_n,600,delaunay,0.1,90,-1.362024248482796,-1.2477273331379966,-1.8095614607536123,-0.9112622525572623,0.25555555555555554,7.531747385148646e-07
param_n,600,delaunay,0.25,90,-0.8100460561832403,-0.9397704120256081,-1.2997003179619677,-0.32298179865530685,0.3888888888888889,0.0031636182657127014
param_n,600,delaunay,0.4,90,0.020658474287292585,0.2531242431119365,-0.4428536123170792,0.4647814833884761,0.5666666666666667,0.9310615564009777
param_n,600,delaunay,0.55,90,0.1877963478069013,0.1422787461776207,-0.2680562295381451,0.6678151519899728,0.5444444444444444,0.5582473832807224
param_n,600,delaunay_union_original,0.0,90,-1.2614924036943562,-1.2225597787979017,-1.698804828012188,-0.8039066655274965,0.2222222222222222,2.0741042729490129e-07
param_n,600,knn,0.0,90,-2.9311654158909026,-2.8887419667002847,-3.535511332550119,-2.3423847036767085,0.13333333333333333,1.2493858875771132e-12
param_n,600,learned_hd_knn,0.0,90,0.7087971757586772,0.6769144654450205,0.16962876792063086,1.2644378506794502,0.5555555555555556,0.03482178496762634
param_n,600,mst_knn,0.0,90,-2.9344040099618427,-2.880527046565992,-3.4722017854632714,-2.3954085081585226,0.12222222222222222,4.335520403391141e-13
param_n,600,mutual_knn,0.0,90,-2.938522603328386,-3.254702193292239,-3.4977870983683506,-2.3988745168973797,0.13333333333333333,2.611372946214494e-13
param_n,600,random_degree_matched,0.0,90,0.09175889778174115,-0.3699193451745791,-0.5255875904694435,0.6894925614202347,0.4666666666666667,0.8800638068390496
param_n,600,random_edge_budget_matched,0.0,90,0.07261318794298026,-0.1588790387601485,-0.4572808260871633,0.6713619838782353,0.45555555555555555,0.8232905657294747
param_n,600,raw_hd_knn,0.0,90,6.728071856976681,6.4742610706797485,6.136468924672647,7.351920370168245,0.9888888888888889,1.8650302109207724e-16
param_n,600,raw_umap_delaunay,0.0,90,4.614628588954456,4.384337127448398,3.926357341589446,5.273466062674141,0.9222222222222223,1.945459231491237e-15
param_target_avg_degree,6,delaunay,0.0,90,-2.2371905852292775,-2.245617205175192,-2.8790268743755805,-1.6025651252379929,0.25555555555555554,6.0185267891090825e-09
param_target_avg_degree,6,delaunay,0.1,90,-1.3577388337162681,-1.1225885079517643,-2.0144467060888296,-0.7126625527184,0.32222222222222224,0.000319210376640184
param_target_avg_degree,6,delaunay,0.25,90,-0.8668791287716581,-1.1207581741761365,-1.4131746884644434,-0.2958240309977364,0.34444444444444444,0.0033759306239072424
param_target_avg_degree,6,delaunay,0.4,90,-0.6340014566261184,-0.5574336495087293,-1.1861876601300745,-0.1100425454315618,0.45555555555555555,0.09859077760051978
param_target_avg_degree,6,delaunay,0.55,90,-0.5282201745215088,-0.34847516182995514,-1.144866588242032,0.10316036267853738,0.43333333333333335,0.17319199827281473
param_target_avg_degree,6,delaunay_union_original,0.0,90,-0.8430192786442965,-0.8520728014276432,-1.3714073008211576,-0.3061587866581655,0.34444444444444444,0.003082156137894969
param_target_avg_degree,6,knn,0.0,90,-2.244480380026215,-1.9275366633478794,-2.8770204359326903,-1.591608531081641,0.2111111111111111,5.735607315678655e-09
param_target_avg_degree,6,learned_hd_knn,0.0,90,0.8988708460198811,0.9981948715232205,0.2632750708262107,1.5756633964772842,0.5777777777777777,0.017502021197967475
param_target_avg_degree,6,mst_knn,0.0,90,-2.2453190969345727,-1.9862759714826508,-2.924215683879538,-1.590468343911101,0.2,8.217547131650585e-09
param_target_avg_degree,6,mutual_knn,0.0,90,-2.6063133290655367,-2.539261454204433,-3.195778889050087,-2.01568435537123,0.15555555555555556,1.848073582778378e-11
param_target_avg_degree,6,random_degree_matched,0.0,90,-0.3170030594082637,-0.6478954202443565,-1.090611980398223,0.44933331664580933,0.4222222222222222,0.35787965105789044
param_target_avg_degree,6,random_edge_budget_matched,0.0,90,-0.21494469139644481,-0.4756821628686759,-1.116189030748731,0.7115996761479259,0.45555555555555555,0.5210171014424174
param_target_avg_degree,6,raw_hd_knn,0.0,90,6.831566330842652,6.795404736264282,6.094008943187611,7.5700178444465385,0.9666666666666667,3.4053573422747225e-16
param_target_avg_degree,6,raw_umap_delaunay,0.0,90,4.104679762670522,3.447295400511763,3.217419362260019,4.930528476468882,0.8777777777777778,1.2493858875771132e-12
param_target_avg_degree,12,delaunay,0.0,90,-2.867613842584031,-2.9848132806059544,-3.6815320541068166,-2.1352639726183926,0.25555555555555554,5.335336614986348e-09
param_target_avg_degree,12,delaunay,0.1,90,-1.673319827453619,-1.8353794585435073,-2.519873333905007,-0.8656040256572125,0.3111111111111111,0.00013759878556783214
param_target_avg_degree,12,delaunay,0.25,90,-1.1563686249345273,-1.119304991593021,-1.9444709687915958,-0.3649187076194923,0.4,0.009731686758666952
param_target_avg_degree,12,delaunay,0.4,90,-0.24316226733100138,0.21300641688733357,-1.0185551582604726,0.4743942961725523,0.5666666666666667,0.6888935655587565
param_target_avg_degree,12,delaunay,0.55,90,-0.010453353372152583,0.2916111075702386,-0.776745104059319,0.6977523565261159,0.5555555555555556,0.7217683301077233
param_target_avg_degree,12,delaunay_union_original,0.0,90,-1.3384835390513232,-1.3417269028906524,-1.9469937867473806,-0.7156061165595328,0.28888888888888886,5.125205826158395e-05
param_target_avg_degree,12,knn,0.0,90,-3.5304211842105757,-3.180624635769002,-4.343957606207294,-2.7815138885287416,0.17777777777777778,8.720062688837714e-12
param_target_avg_degree,12,learned_hd_knn,0.0,90,0.20117744995486642,0.1732773951988837,-0.5663596016762212,0.9399878561909564,0.5,0.45058407180604343
param_target_avg_degree,12,mst_knn,0.0,90,-3.6126636011561466,-3.4531731671228005,-4.3781451135417395,-2.7941097644982134,0.17777777777777778,8.244355176478002e-12
param_target_avg_degree,12,mutual_knn,0.0,90,-3.5581667551812353,-3.4841227619695836,-4.401952478297092,-2.7807525506021262,0.17777777777777778,3.4277008751908195e-12
param_target_avg_degree,12,random_degree_matched,0.0,90,0.8206942425176629,1.16249252203687,-0.003605538553605185,1.5861553562562274,0.5888888888888889,0.02620986303554891
param_target_avg_degree,12,random_edge_budget_matched,0.0,90,-0.038069270563230714,-0.07792275478381894,-0.8378785668003539,0.7938611913846693,0.4888888888888889,0.9150843005433441
param_target_avg_degree,12,raw_hd_knn,0.0,90,6.988131076360885,6.822673518003784,6.1124265206756885,7.839130859953306,0.9111111111111111,1.3600009568882786e-15
param_target_avg_degree,12,raw_umap_delaunay,0.0,90,4.736194754306751,4.936975630831156,3.8859253343639315,5.5576618338330555,0.8555555555555555,1.9929588865227064e-13
feature_regime,informative,delaunay,0.0,180,-5.0663716898848925,-5.201427106589273,-5.941734235389583,-4.127238544962111,0.20555555555555555,2.7922189991627987e-19
feature_regime,informative,delaunay,0.1,180,-3.4826486637090763,-3.5445251279493992,-4.243761696664466,-2.684322153844828,0.2388888888888889,8.871278175493621e-14
feature_regime,informative,delaunay,0.25,180,-1.7203686296821261,-1.5353357875560327,-2.4736381998832906,-1.0242300211593014,0.37222222222222223,1.811908676096714e-05
feature_regime,informative,delaunay,0.4,180,-0.6088139862970007,-0.31502690482036466,-1.303500181045741,0.12931575939595408,0.4722222222222222,0.12047903876536414
feature_regime,informative,delaunay,0.55,180,-0.24931972043457643,0.24634832462525902,-0.9924085512108465,0.4905807555828423,0.5277777777777778,0.8678273408025667
feature_regime,informative,delaunay_union_original,0.0,180,-2.5449515185481886,-2.592234968802229,-3.2125738965391957,-1.8576177529591449,0.25555555555555554,2.679963507105965e-13
feature_regime,informative,knn,0.0,180,-6.156219199475552,-6.2606332453453595,-6.989113470119538,-5.2978430025530265,0.13333333333333333,1.1156335535885437e-23
feature_regime,informative,learned_hd_knn,0.0,180,0.9343254468532062,1.2478871824516928,0.21742095505471207,1.6383589844580213,0.6166666666666667,0.0027783513785590436
feature_regime,informative,mst_knn,0.0,180,-6.057688059609293,-6.024796409018224,-6.873963764662866,-5.19211316404048,0.1111111111111111,3.28342030135519e-23
feature_regime,informative,mutual_knn,0.0,180,-6.236916661705328,-6.2095917511640835,-7.092502295795852,-5.405397870445493,0.10555555555555556,1.2447909942582515e-24
feature_regime,informative,random_degree_matched,0.0,180,0.0721522656066201,0.529817971756369,-0.7592083055798038,0.9812631313309697,0.5166666666666667,0.6976100723964973
feature_regime,informative,random_edge_budget_matched,0.0,180,-0.17926845099401925,-0.5296320430377421,-0.9414644896438156,0.5513623293825985,0.45555555555555555,0.5305897126144321
feature_regime,informative,raw_hd_knn,0.0,180,14.461746937128654,14.626150040982283,13.63589720107865,15.260551666041284,1.0,2.7348870910495993e-31
feature_regime,informative,raw_umap_delaunay,0.0,180,12.243451769069189,12.4616693294128,11.435206926533779,13.129488744975049,0.9722222222222222,5.2460148379549e-31
feature_regime,noisy,delaunay,0.0,180,-0.6122789328203514,-0.22703709605500222,-1.4559434695539917,0.21811525601545487,0.49444444444444446,0.41878900087245907
feature_regime,noisy,delaunay,0.1,180,0.16407451664115244,-0.20008173303829868,-0.6339259006741363,0.9936466499505925,0.4888888888888889,0.6965534662151194
feature_regime,noisy,delaunay,0.25,180,-0.40567798576522773,-0.16808327129457906,-1.1639914374362452,0.40337344985672147,0.49444444444444446,0.4768445559744551
feature_regime,noisy,delaunay,0.4,180,-0.3155267841759068,0.07938703281183535,-1.1142719662670812,0.4399925845282914,0.5055555555555555,0.7392568630637109
feature_regime,noisy,delaunay,0.55,180,-0.09191656998842414,0.0791366606400723,-0.9286694540646679,0.731979156859866,0.5166666666666667,0.7915717141956345
feature_regime,noisy,delaunay_union_original,0.0,180,0.09104279760883965,0.5536587599640306,-0.6502062728165294,0.8646185841535781,0.5388888888888889,0.5818516058994143
feature_regime,noisy,knn,0.0,180,0.6364155930097122,0.8109099157775148,-0.27333528661516515,1.5468249733613968,0.5611111111111111,0.06578408737668301
feature_regime,noisy,learned_hd_knn,0.0,180,0.25988756899704674,-0.012345582370748565,-0.5857787642378519,1.1071545750375584,0.5,0.6849700357618682
feature_regime,noisy,mst_knn,0.0,180,0.7434908099926231,0.887632742099491,-0.1164712926616055,1.5859490369145635,0.5888888888888889,0.038330111410248134
feature_regime,noisy,mutual_knn,0.0,180,0.11971487584226506,0.24663795362191432,-0.8324843409000494,1.0048656355534005,0.5277777777777778,0.5867582804566183
feature_regime,noisy,random_degree_matched,0.0,180,0.23830063234884852,0.3699686072473507,-0.6760601485415433,1.2019745165986409,0.5166666666666667,0.5399945797084694
feature_regime,noisy,random_edge_budget_matched,0.0,180,-0.032210823095118676,0.22869250546123793,-0.8781194147115475,0.8586050896953874,0.5222222222222223,0.9931614744393198
feature_regime,noisy,raw_hd_knn,0.0,180,0.18193343282969174,0.14534203500677217,-0.7244068021777205,1.0977639524287404,0.5111111111111111,0.8448427899772349
feature_regime,noisy,raw_umap_delaunay,0.0,180,-0.3072109049676393,-0.0042896299580789665,-1.168339798867441,0.45477732154194506,0.5,0.7242110623323068
feature_regime,partial,delaunay,0.0,180,-1.9785560190147187,-1.9224682470404484,-2.759044415345493,-1.1724964315358817,0.35,9.322455733457874e-07
feature_regime,partial,delaunay,0.1,180,-1.228013844686906,-1.3253784989956747,-2.1152600577529004,-0.36223430981225535,0.4111111111111111,0.004219599213103499
feature_regime,partial,delaunay,0.25,180,-0.9088250151119242,-1.1667834085015154,-1.7527776616439876,-0.10502403354418192,0.4111111111111111,0.03599182074084905
feature_regime,partial,delaunay,0.4,180,-0.39140481546277217,-0.1832232328559391,-1.1428750792500348,0.33306791441509287,0.49444444444444446,0.46106177618637323
feature_regime,partial,delaunay,0.55,180,-0.46677400141749137,-0.5115541272415147,-1.2381457711519395,0.2728744380921425,0.4722222222222222,0.18401513490793897
feature_regime,partial,delaunay_union_original,0.0,180,-0.8183455056040805,-0.5099557384281015,-1.5396656934131043,-0.08819547731441077,0.4111111111111111,0.030124905659785556
feature_regime,partial,knn,0.0,180,-3.1425487398893464,-3.2263175670300943,-4.033417201767053,-2.192498651942073,0.3277777777777778,6.252791834272117e-10
feature_regime,partial,learned_hd_knn,0.0,180,0.4558594281118687,0.7597098692535513,-0.28348416843264107,1.1613881500858998,0.5777777777777777,0.14748105467371778
feature_regime,partial,mst_knn,0.0,180,-3.4727767975194075,-3.857167593948321,-4.317033112757948,-2.6459744103675287,0.23333333333333334,1.082546457867392e-12
feature_regime,partial,mutual_knn,0.0,180,-3.129518340507094,-3.1488462335129563,-4.015805523411123,-2.2469615079466836,0.28888888888888886,1.3281878533165303e-10
feature_regime,partial,random_degree_matched,0.0,180,0.4450838767086299,0.2649788615244175,-0.43311474444792275,1.3245901418788395,0.5166666666666667,0.43878870747303955
feature_regime,partial,random_edge_budget_matched,0.0,180,-0.1680416688503756,-0.24372533851904787,-1.0500487824528377,0.6750835572360802,0.48333333333333334,0.7718292536938528
feature_regime,partial,raw_hd_knn,0.0,180,6.0858657408469625,6.281800577337285,5.221053777440133,7.016259978459791,0.8555555555555555,3.8994758594214424e-22
feature_regime,partial,raw_umap_delaunay,0.0,180,1.3250709113643586,1.2385094623367388,0.33725960972705826,2.254180221607184,0.5777777777777777,0.0062275408073135755
