dataset,method,backbone,n,test_f1_mean,test_f1_std,test_acc_mean,test_acc_std,gain_f1_mean,gain_f1_std,gain_acc_mean,gain_acc_std
Actor,DiffWire CT,gcn,30,0.2737735585225838,0.011164729158979468,0.3094956140350877,0.013064189169397514,0.004746027361190053,0.011197756024778833,0.00899122807017544,0.013149195551420781
Actor,SDRF,gat,30,0.25831201296242157,0.011260673988756872,0.2897587719298246,0.015530893974710787,-0.0006367285023826102,0.009438640261065908,0.0003947368421052733,0.014661787093126114
Actor,SDRF,gcn,30,0.2680923316026563,0.011383305001485761,0.30041666666666667,0.012618815548324907,-0.0009351995587374639,0.0029914874733631787,-8.771929824558627e-05,0.005199631744701778
Actor,SDRF,sage,30,0.3261585533382062,0.01264101532940373,0.3533991228070175,0.01325292738291788,0.0010859462679085727,0.005999451414280172,0.0011403508771929962,0.006657725560906409
Airports-Brazil,DiffWire CT,gcn,30,0.4991732951717472,0.0832932869074831,0.5148148148148148,0.08099821858436397,0.07283739029911128,0.07107461275755299,0.061728395061728385,0.06831600553739466
Airports-Brazil,SDRF,gat,30,0.4179663135649641,0.11573604380485707,0.4358024691358024,0.11329623735888805,-0.022700386794073674,0.11257447559742322,-0.025925925925925904,0.10967570051251088
Airports-Brazil,SDRF,gcn,30,0.41408489264097353,0.08494707302906782,0.4407407407407407,0.07429723727326354,-0.012251012231662353,0.06641915413206056,-0.01234567901234567,0.05781553383180912
Airports-Brazil,SDRF,sage,30,0.410291076950873,0.10621658887421484,0.437037037037037,0.09648277454562328,-0.01166370513531973,0.048878806296927424,-0.0111111111111111,0.045776132759855793
Airports-Europe,DiffWire CT,gcn,30,0.46705497895194503,0.05413832198755058,0.4829166666666667,0.05079999377771706,0.025152884856692533,0.05850419611787649,0.02041666666666667,0.05802824569854381
Airports-Europe,SDRF,gat,30,0.4089033379007585,0.04885039746039695,0.42791666666666667,0.048985762064680305,-0.010168400540917277,0.03081079777814066,-0.012916666666666654,0.028330586411805546
Airports-Europe,SDRF,gcn,30,0.440150704397423,0.04749297868729234,0.4583333333333333,0.045049461961143386,-0.00175138969782949,0.043379558262295705,-0.004166666666666656,0.041565970276867925
Airports-Europe,SDRF,sage,30,0.4444517582270274,0.04758146750938781,0.4583333333333333,0.04383714637495067,0.0010268515526423024,0.023629763800411124,-0.0016666666666666568,0.022679678482993366
Airports-USA,DiffWire CT,gcn,30,0.5580592684226124,0.028196080814059013,0.5677871148459384,0.026886530142166295,0.03660888884234185,0.04435310244599187,0.033473389355742275,0.04062432264820797
Airports-USA,SDRF,gat,30,0.566761231337527,0.037429622632035996,0.5740896358543418,0.03533485756587106,-0.00488624441979921,0.015474496569204474,-0.0037815126050419804,0.014611403257483857
Airports-USA,SDRF,gcn,30,0.5197528239805095,0.03355720507217148,0.5316526610644258,0.03139858311829894,-0.0016975555997611567,0.01573269371066334,-0.0026610644257702887,0.016715316975174532
Airports-USA,SDRF,sage,30,0.5462175988732983,0.03648780199880251,0.5558823529411765,0.03466814599108336,-0.0007237945384527565,0.013388913923177708,-0.0008403361344537934,0.013755125242426024
Amazon-Photo,DiffWire CT,gcn,30,0.9110085274564176,0.00979386622987476,0.9228976034858387,0.0074747915034173665,-0.023946532941850042,0.007761137776291004,-0.01943355119825702,0.006214624192000106
Amazon-Photo,SDRF,gat,30,0.9294915010499963,0.005832244306265551,0.9372549019607843,0.005295939830597069,0.00139864966542684,0.004250068463866047,0.0010675381263616508,0.003590089902979638
Amazon-Photo,SDRF,gcn,30,0.9346734879184602,0.006246528868579473,0.9416557734204792,0.005245447035089753,-0.0002815724798075981,0.003222199128523152,-0.0006753812636165537,0.0028694755277991263
Amazon-Photo,SDRF,sage,30,0.9416154792655519,0.006677722569297769,0.9503485838779956,0.0053056198095048175,0.000436614637387054,0.0034976383919677638,0.0003050108932462041,0.0029517169369288865
Coauthor-CS,DiffWire CT,gcn,30,0.8941640943164327,0.005813601875317445,0.9134624125079538,0.004096071117217522,-0.029859754937976612,0.005844674544087319,-0.02517043905099532,0.004630213554973292
Coauthor-CS,SDRF,gat,30,0.9161747856328207,0.005304270534730237,0.9315607672029815,0.0037070685669882367,-0.00026876353514923996,0.001480924714405698,-0.0002272520679937937,0.001275239617760829
Coauthor-CS,SDRF,gcn,30,0.9241383533239623,0.004741500954669122,0.9385510408144715,0.003423575154946151,0.00011450406955281689,0.0020257356214033817,-8.181074447777446e-05,0.0013534132257357805
Coauthor-CS,SDRF,sage,30,0.932267743897449,0.005275577297470556,0.9463866921188983,0.0031750652928203608,0.00034007899633251156,0.001658931324915774,-0.00010908099263705371,0.0011085326671382225
Cora,DiffWire CT,gcn,30,0.7836601970286444,0.018706587681525808,0.8023985239852398,0.017242236181448614,-0.07882084560276015,0.016797251370484243,-0.07158671586715863,0.013835729604959233
Cora,SDRF,gat,30,0.8604963669501943,0.01577545176319193,0.8707257072570725,0.013470624521469807,-0.0009731346108866266,0.004505776123886912,-0.00043050430504304,0.003090473164679032
Cora,SDRF,gcn,30,0.8615493496331497,0.017892900799831468,0.8733087330873309,0.01386059370370499,-0.0009316929982548566,0.0038709737799274197,-0.0006765067650676467,0.0027615124574662336
Cora,SDRF,sage,30,0.8556613455913351,0.018529618103237156,0.8685731857318574,0.01441969081742919,-0.002860892001604943,0.007938934927510223,-0.0019680196801967935,0.005501730561456059
Cornell,DiffWire CT,gcn,30,0.3192464503903693,0.06629707481316884,0.4387387387387387,0.08267563266729669,0.004798152849482923,0.0666486615068992,0.022522522522522535,0.07378934237306453
Cornell,SDRF,gat,30,0.32441554549398965,0.08161614323691248,0.46216216216216216,0.0616106659543709,-0.017878018327941624,0.05717827798514742,-0.0189189189189189,0.048736588220344365
Cornell,SDRF,gcn,30,0.3025298138885312,0.07962351612911056,0.4054054054054054,0.08977889713917835,-0.01191848365235522,0.05729859785375264,-0.010810810810810772,0.06605006066302342
Cornell,SDRF,sage,30,0.5014133413807141,0.07623549135281496,0.663963963963964,0.052003672192741386,-0.016781511723946894,0.05013153410914914,-0.006306306306306307,0.03734422627605154
Minesweeper,DiffWire CT,gcn,30,0.5869250011266212,0.022223529668485387,0.7732500000000001,0.03383600153682465,0.0035478314982003278,0.012461672726267482,0.008183333333333317,0.03720736007402513
Minesweeper,SDRF,gat,30,0.7508431023980042,0.010647344631273495,0.8372499999999999,0.011174748319313504,0.0033436292250261135,0.010797083749084474,0.0005999999999999998,0.009202136183779666
Minesweeper,SDRF,gcn,30,0.586396018234348,0.02385684550059031,0.7580166666666667,0.03822539400877952,0.0030188486059271303,0.008000957732820382,-0.007049999999999999,0.03022226571300679
Minesweeper,SDRF,sage,30,0.8078676144011833,0.012460722179013646,0.8798333333333334,0.006907433943090609,0.00026806782633991905,0.0056765689606462135,-5.00000000000067e-05,0.004631879785230523
Pubmed,DiffWire CT,gcn,30,0.8461393262458696,0.006193680026431962,0.8514198782961461,0.005895347707088939,-0.01911917348956463,0.005302741573282875,-0.020038877620013485,0.005021124360888572
Pubmed,SDRF,gat,30,0.8631590877841142,0.007128927216790681,0.8690584854631508,0.006630744828432914,-0.0008877805910520633,0.0028485452232235925,-0.0008282623394185,0.002624794358953374
Pubmed,SDRF,gcn,30,0.8648306927570698,0.005611222350717303,0.8710361730899255,0.0053779761411909145,-0.0004278069783643919,0.001827207383587281,-0.00042258282623394336,0.0018360356429006784
Pubmed,SDRF,sage,30,0.8892545465518729,0.006340069967971203,0.8924104124408384,0.006186832343897015,-0.00034918491222475504,0.0020826409997313795,-0.0005324543610547533,0.00216822183159388
Roman-Empire,DiffWire CT,gcn,30,0.4263010074219971,0.009500592253284671,0.5082138392528862,0.00783902052351798,0.05681844409701151,0.012484061029430291,0.11136848297668947,0.011133964222671938
Roman-Empire,SDRF,gat,30,0.3886829657314886,0.009834881878039478,0.4481138318994044,0.008532013736209865,-0.0019191848233596433,0.005734932127300012,-0.0025810721376571468,0.0073436711091893064
Roman-Empire,SDRF,gcn,30,0.36816118888470084,0.01041133466631739,0.3944260607397602,0.00802394214382967,-0.0013213744402847233,0.008549151700057551,-0.0024192955364364696,0.007325214260318303
Roman-Empire,SDRF,sage,30,0.7914012758902296,0.008243747275312846,0.8316493859842635,0.005379946279676629,-0.0006279229992530733,0.004253956705532345,-0.00070593425987207,0.003191293110701697
Texas,DiffWire CT,gcn,30,0.35144456032108934,0.06765518839452823,0.6153153153153154,0.05343698734019574,-0.013851046237272588,0.06712525102230874,0.018018018018018018,0.06820143804863743
Texas,SDRF,gat,30,0.3660774862158521,0.09079483335737622,0.5342342342342342,0.09487598497135988,-0.0026651747927940585,0.11301749133564118,-0.036936936936936914,0.078551190833028
Texas,SDRF,gcn,30,0.3853079312961267,0.06806809392164961,0.6153153153153154,0.05839224117156948,0.020012324737764747,0.07674745381655299,0.018018018018018025,0.06160385174587194
Texas,SDRF,sage,30,0.545589618621927,0.0947688327055441,0.6873873873873874,0.07157134226063008,-0.00846706115086689,0.070249484174001,-0.01891891891891889,0.0541239064037501
