dataset,graph_name,metric_seed,max_bfs_sources,effective_resistance_pairs_requested,num_nodes,num_edges,density,avg_degree,degree_std,degree_cv,max_degree,num_components,largest_cc_ratio,num_isolates,edge_homophily,lambda2_norm_laplacian,cheeger_lower_bound,cheeger_upper_bound,num_isolated_nodes,approx_diameter,approx_avg_shortest_path,effective_resistance_sample,effective_resistance_median,effective_resistance_pairs
Cora,Original,123,256,128,2708,5278,0.0014399999126942,3.89807976366322,5.227818372799966,1.3411265776375811,168.0,78,0.9176514032496308,0,0.8099659085273743,0.0074347510295494,0.0037173755147747,0.1219405677332152,0,18.0,6.298521474939614,1.7421931811184146,1.3746372275008514,106
Cora,DGlf + VGAE 0%,123,256,128,2708,8101,0.0022102006996467,5.98301329394387,1.5908270346523317,0.2658906067052533,14.0,1,1.0,0,0.8203925490379333,0.0023519183228196,0.0011759591614098,0.0685845219101171,0,24.0,12.009629259789437,0.9024895823572,0.9123989160505618,128
Cora,DGlf + VGAE 10%,123,256,128,2708,8101,0.0022102006996467,5.98301329394387,2.315513365553448,0.387014578071765,20.0,21,0.9763663220088626,12,0.8421182632446289,0.002714764298661,0.0013573821493305,0.0736853350221198,12,21.0,10.374902454597049,0.8932387516899769,0.8399015639855507,125
Cora,DGlf + VGAE 25%,123,256,128,2708,8101,0.0022102006996467,5.98301329394387,4.0107508133730345,0.6703563265408085,36.0,93,0.939069423929099,66,0.8635970950126648,0.0019507498261537,0.0009753749130768,0.0624619856577386,66,27.0,11.02368029602675,1.186385069216368,0.9926077443898472,120
Cora,DGlf + VGAE 40%,123,256,128,2708,8101,0.0022102006996467,5.98301329394387,5.713856884075693,0.9550132355312294,47.0,255,0.8327178729689808,162,0.8740895986557007,0.000792095874226,0.000396047937113,0.0398019063419344,162,30.0,12.143491431898846,2.166821861911536,2.169631813178726,104
Cora,DGlf + VGAE 55%,123,256,128,2708,8101,0.0022102006996467,5.98301329394387,7.227502112359841,1.208003685981388,51.0,450,0.4501477104874446,314,0.8822367787361145,0.0012732342733173,0.0006366171366586,0.0504625459785239,314,26.0,11.057846495279144,2.035091459687327,1.8950075203382184,36
Cora,Raw features -> UMAP -> Delaunay,123,256,128,2708,8099,0.0022096550384445,5.981536189069424,1.33428220921613,0.2230668121099691,12.0,1,1.0,0,0.549203634262085,0.001891579434294,0.000945789717147,0.0615073887316647,0,32.0,16.202468426763946,0.915883962476124,0.9161161908768451,128
Coauthor-CS,Original,123,256,128,18333,81894,0.0004873474441645,8.93405334642448,9.106805392763793,1.0193363571539955,136.0,1,1.0,0,0.8080567717552185,0.0041164106762437,0.0020582053381218,0.0907348960019653,0,24.0,5.568860334728889,0.6909177572523354,0.4599584850289999,128
Coauthor-CS,Raw features -> UMAP -> Delaunay,123,256,128,18333,54979,0.0003271775115725,5.997818142148039,1.3586998079194936,0.2265323448824831,16.0,1,1.0,0,0.7352261543273926,0.0003205007636241,0.000160250381812,0.0253180079636679,0,64.0,28.30352278461161,1.0951124969758237,1.0995006317617584,128
Coauthor-CS,DGlf + VGAE 0%,123,256,128,18333,54970,0.0003271239529846,5.996836306114656,1.4636790002871023,0.244075196582349,17.0,1,1.0,0,0.8817718625068665,0.0002454005771802,0.0001227002885901,0.022154032462748,0,42.0,21.19074015042003,1.1053119767441264,1.109630937212522,128
Coauthor-CS,DGlf + VGAE 10%,123,256,128,18333,54970,0.0003271239529846,5.996836306114656,2.342395573821763,0.3906052215287828,30.0,207,0.981236022473136,178,0.9108240604400636,7.20135936301379e-05,3.600679681506895e-05,0.0120011327490481,178,84.0,32.464219636007336,2.084194127288632,1.9878571543672483,124
Coauthor-CS,DGlf + VGAE 25%,123,256,128,18333,54970,0.0003271239529846,5.996836306114656,4.160185215846862,0.693729994197931,49.0,769,0.9402716413025692,653,0.9322175979614258,3.399912885867836e-05,1.699956442933918e-05,0.0082461056091561,653,90.0,37.64592065759703,,,0
Coauthor-CS,DGlf + VGAE 40%,123,256,128,18333,54970,0.0003271239529846,5.996836306114656,5.884438763902993,0.9812571935476948,62.0,1727,0.5211912943871707,1445,0.945752203464508,1.812981259636104e-05,9.06490629818052e-06,0.0060215965650915,1445,56.0,22.677512772791506,3.9242127944533807,3.442667605048209,60
Coauthor-CS,DGlf + VGAE 55%,123,256,128,18333,54970,0.0003271239529846,5.996836306114656,7.515150669277539,1.2531858943047585,78.0,3092,0.397261768395789,2620,0.9552482962608336,0.0001358891411474,6.794457057374611e-05,0.0164856993268403,2620,52.0,18.996963832051637,2.421608507326032,2.219208204193945,47
Cornell,Original,123,256,128,183,277,0.0166336395844592,3.0273224043715845,7.017878568801111,2.318180104856685,94.0,1,1.0,0,0.1227436810731887,0.079707531809003,0.0398537659045015,0.3992681600353403,0,8.0,3.200564462859545,1.7285351408573124,1.6097070909512463,128
Cornell,Raw features -> UMAP -> Delaunay,123,256,128,183,532,0.0319461958806221,5.814207650273224,1.4097301608039288,0.2424629881833824,11.0,1,1.0,0,0.5770676732063293,0.0339932577917263,0.0169966288958631,0.2607422397377393,0,11.0,5.443043295502312,0.6714051361107243,0.6814721045765513,128
Cornell,DGlf + VGAE 0%,123,256,128,183,534,0.0320662943613763,5.836065573770492,1.4354641053979278,0.2459643551384089,10.0,1,1.0,0,0.4325842559337616,0.0413507804783209,0.0206753902391604,0.287578790867202,0,10.0,5.13252867351228,0.6999664671196728,0.700370953497367,128
Cornell,DGlf + VGAE 10%,123,256,128,183,534,0.0320662943613763,5.836065573770492,2.214065774210577,0.3793764388394528,14.0,2,0.9781420765027322,0,0.4438202381134033,0.0587996933473439,0.0293998466736719,0.3429276697711746,0,9.0,4.323896804971439,0.6674088178976878,0.6436611977869706,124
Cornell,DGlf + VGAE 25%,123,256,128,183,534,0.0320662943613763,5.836065573770492,3.438040145114063,0.5891023844156119,18.0,8,0.9398907103825136,5,0.4531835317611694,0.0677571038670779,0.0338785519335389,0.3681225444524633,5,9.0,4.004555963552291,0.7372045241661149,0.5913595631544443,119
Cornell,DGlf + VGAE 40%,123,256,128,183,534,0.0320662943613763,5.836065573770492,4.804984870138246,0.8233260592090814,24.0,17,0.8579234972677595,9,0.466292142868042,0.0,0.0,0.0,9,10.0,3.790543851053405,0.8926457613369528,0.7493171405902636,110
Cornell,DGlf + VGAE 55%,123,256,128,183,534,0.0320662943613763,5.836065573770492,6.065706688840497,1.0393486180316582,27.0,31,0.7759562841530054,21,0.4625468254089355,0.0931858431803151,0.0465929215901575,0.4317078715527784,21,9.0,3.5670762161622216,0.8983842833031641,0.5956928304295122,101
Airports-Europe,Original,123,256,128,399,5993,0.0754776388206697,30.04010025062657,34.65849714790521,1.1537410614061554,202.0,1,1.0,0,0.4046387374401092,0.2372644227309343,0.1186322113654671,0.6888605413738464,0,5.0,2.33135403580402,0.2674778506309616,0.1871205737468195,128
Airports-Europe,Raw features -> UMAP -> Delaunay,123,256,128,399,1178,0.0148360851878439,5.904761904761905,1.220523073269547,0.2067014882150039,11.0,1,1.0,0,0.2988115549087524,0.0125965893511932,0.0062982946755966,0.1587235921417686,0,16.0,7.988114400125628,0.7392799648191387,0.7342730479289977,128
Airports-Europe,DGlf + VGAE 0%,123,256,128,399,1176,0.0148108965882041,5.894736842105263,1.5556340706688114,0.2639022084170305,12.0,1,1.0,0,0.4736394584178924,0.0142290554274334,0.0071145277137167,0.168695319599765,0,14.0,6.783654601130653,0.7637632699543115,0.7619023008286453,128
Airports-Europe,DGlf + VGAE 10%,123,256,128,399,1176,0.0148108965882041,5.894736842105263,2.451320010301248,0.4158489303189617,19.0,3,0.9949874686716792,2,0.5297619104385376,0.0200083136957941,0.010004156847897,0.200041564160022,2,14.0,6.194691051136363,0.8016077018497452,0.7803167567013369,128
Airports-Europe,DGlf + VGAE 25%,123,256,128,399,1176,0.0148108965882041,5.894736842105263,4.336006197271631,0.7355724798942946,28.0,40,0.7418546365914787,28,0.5527210831642151,0.0171486677528433,0.0085743338764216,0.1851953981763227,28,12.0,4.599165783898305,0.6790459674276462,0.5950015555969308,81
Airports-Europe,DGlf + VGAE 40%,123,256,128,399,1176,0.0148108965882041,5.894736842105263,6.189889676232596,1.050070570075173,30.0,95,0.6892230576441103,82,0.5850340127944946,0.017246654095375,0.0086233270476875,0.1857237415915101,82,15.0,4.419080748175182,0.8928916416497401,0.5310311034273556,103
Airports-Europe,DGlf + VGAE 55%,123,256,128,399,1176,0.0148108965882041,5.894736842105263,7.800388613699504,1.3232802112525943,33.0,144,0.5614035087719298,128,0.6318027377128601,0.0,0.0,0.0,128,9.0,3.431734465086483,0.603066203841067,0.4559196052440518,92
Minesweeper,Original,123,256,128,10000,39402,0.0007881188118811,7.8804,0.5903353623153537,0.0749118524840558,8.0,1,1.0,0,0.6827825903892517,0.0007525416067052,0.0003762708033526,0.0387954019622237,0,99.0,46.97059510638564,0.7566479709712246,0.7351881138350589,128
Minesweeper,Raw features -> UMAP -> Delaunay,123,256,128,10000,29978,0.0005996199619961,5.9956,2.274242871814706,0.3793186456425889,30.0,1,1.0,0,0.6766295433044434,0.000492957623598,0.000246478811799,0.0313992873676467,0,29.0,13.561812821907193,1.2280221386673178,1.211254318569299,128
Minesweeper,DGlf + VGAE 0%,123,256,128,10000,29975,0.0005995599559955,5.995,2.367229393193655,0.3948672882725029,31.0,2,0.9999,1,0.7505587935447693,0.0006330403066994,0.0003165201533497,0.0355820265499146,1,29.0,14.206376431536308,1.044941171055361,1.0436985593928083,128
Minesweeper,DGlf + VGAE 10%,123,256,128,10000,29975,0.0005995599559955,5.995,2.383521554339293,0.3975849131508412,24.0,21,0.9979,19,0.7574645280838013,0.0042551177492954,0.0021275588746477,0.0922509376569736,19,21.0,9.143705996943275,0.8092176864358867,0.7354933256990086,127
Minesweeper,DGlf + VGAE 25%,123,256,128,10000,29975,0.0005995599559955,5.995,3.295053110345871,0.549633546346267,29.0,186,0.9757,165,0.7629024386405945,0.0047708686636753,0.0023854343318376,0.0976818167692979,165,23.0,8.745976834768348,0.8173873425072089,0.6751543652788392,128
Minesweeper,DGlf + VGAE 40%,123,256,128,10000,29975,0.0005995599559955,5.995,4.27674818056897,0.7133858516378598,33.0,483,0.9408,417,0.7683402895927429,0.0082555087607433,0.0041277543803716,0.1284952042742715,417,26.0,8.64787982021367,0.9208808989797416,0.665907501560814,124
Minesweeper,DGlf + VGAE 55%,123,256,128,10000,29975,0.0005995599559955,5.995,5.1256975135097465,0.854995415097539,34.0,838,0.8988,735,0.7716096639633179,0.0038678527402194,0.0019339263701097,0.0879528594216177,735,28.0,9.49398697424057,1.1563680887266172,0.7481530311366809,120
Actor,Original,123,256,128,7600,26659,0.0009232170437938,7.015526315789474,17.77210324273298,2.5332530223333705,1303.0,1,1.0,0,0.2167373150587082,0.0326784989974191,0.0163392494987095,0.2556501476526824,0,11.0,4.073678999703908,0.9568783494838964,0.7174510049623186,128
Actor,Raw features -> UMAP -> Delaunay,123,256,128,7600,22778,0.0007888157028971,5.99421052631579,1.666454843418313,0.278010729870471,22.0,1,1.0,0,0.2890069484710693,0.0005768071207679,0.0002884035603839,0.0339648971960152,0,41.0,17.12993383175418,1.0177655945392114,1.0309420548532966,128
Actor,DGlf + VGAE 0%,123,256,128,7600,22779,0.0007888503334926,5.994473684210527,1.4880120920710238,0.2482306488375209,18.0,1,1.0,0,0.2400017529726028,0.0005319359602223,0.0002659679801111,0.0326170495361653,0,37.0,18.521886617482565,1.0105530141874854,1.0250848321496977,128
Actor,DGlf + VGAE 10%,123,256,128,7600,22779,0.0007888503334926,5.994473684210527,3.793203199469464,0.6327833600238799,47.0,125,0.9823684210526316,116,0.2371043562889099,0.0012509893477363,0.0006254946738681,0.0500197830410401,116,27.0,11.008978880609511,0.9293227240557408,0.8949569777100861,128
Actor,DGlf + VGAE 25%,123,256,128,7600,22779,0.0007888503334926,5.994473684210527,7.326984802900785,1.2222899271707706,80.0,442,0.9289473684210526,384,0.2327582389116287,0.001196900725098,0.000598450362549,0.0489264902705684,384,31.0,9.929756118076217,1.187753905734821,1.03710565556989,121
Actor,DGlf + VGAE 40%,123,256,128,7600,22779,0.0007888503334926,5.994473684210527,10.54343003145821,1.758858339678704,109.0,1000,0.8335526315789473,840,0.2277097254991531,0.0010005175282259,0.0005002587641129,0.044732930336072,840,49.0,9.476778965700978,0.5076741215227181,0.5655566731131416,13
Actor,DGlf + VGAE 55%,123,256,128,7600,22779,0.0007888503334926,5.994473684210527,13.546857121889431,2.2598909988664926,129.0,1916,0.665921052631579,1665,0.2231002300977707,0.0005743394102653,0.0002871697051326,0.033892164589043,1665,47.0,8.449417150444663,1.136223602718081,0.800361908712104,5
Airports-USA,Original,123,256,128,1190,13599,0.019222424041105,22.85546218487395,40.44948233815905,1.7697949842785965,238.0,3,0.9966386554621848,0,0.697845458984375,0.0319380979508116,0.0159690489754058,0.2527374050306432,0,8.0,3.045701476793249,0.7115653156723586,0.6235753092435072,128
Airports-USA,Raw features -> UMAP -> Delaunay,123,256,128,1190,3549,0.0050165734923069,5.964705882352941,1.3113972428752705,0.219859498312422,11.0,1,1.0,0,0.246266558766365,0.0055322811594956,0.0027661405797478,0.1051882232904015,0,23.0,11.73782458999159,0.8201907678268499,0.8243674706314721,128
Airports-USA,DGlf + VGAE 0%,123,256,128,1190,3552,0.0050208140447095,5.969747899159664,1.7351799665386582,0.2906621847101637,17.0,1,1.0,0,0.6776463985443115,0.0059620299369242,0.0029810149684621,0.1091973437124208,0,18.0,8.972856654751892,0.8688620334067538,0.8569483113953507,128
Airports-USA,DGlf + VGAE 10%,123,256,128,1190,3552,0.0050208140447095,5.969747899159664,2.478972226102928,0.4152557642261379,19.0,2,0.9991596638655462,1,0.7195945978164673,0.0062879074291345,0.0031439537145672,0.112141940674616,1,18.0,8.276327730429292,0.8389507801222109,0.8149824599970698,128
Airports-USA,DGlf + VGAE 25%,123,256,128,1190,3552,0.0050208140447095,5.969747899159664,4.22645837038687,0.7079793722917195,28.0,14,0.9873949579831932,11,0.7666103839874268,0.0055566907083159,0.0027783453541579,0.1054200237935467,11,19.0,8.275700063884157,1.093544712149738,0.9495246416273792,127
Airports-USA,DGlf + VGAE 40%,123,256,128,1190,3552,0.0050208140447095,5.969747899159664,5.959591585773162,0.9982987031348624,33.0,55,0.9260504201680672,42,0.7956081032752991,0.0040170917576539,0.0020085458788269,0.0896336070640244,42,25.0,9.351786018392373,1.681574598780423,1.3817814368146144,122
Airports-USA,DGlf + VGAE 55%,123,256,128,1190,3552,0.0050208140447095,5.969747899159664,7.683492669373135,1.2870715479383488,40.0,155,0.7512605042016807,115,0.8178490996360779,0.0014342592100634,0.0007171296050317,0.05355855132588,115,40.0,13.507204472284435,5.684707125159427,4.568163398341146,91
Airports-Brazil,Original,123,256,128,131,1003,0.1177921315325895,15.312977099236642,16.66421130642325,1.0882411172190656,79.0,1,1.0,0,0.4307078719139099,0.2365147709650489,0.1182573854825244,0.6877714314582265,0,4.0,2.1853200234879626,0.4419169258745957,0.2678404162230304,128
Airports-Brazil,Raw features -> UMAP -> Delaunay,123,256,128,131,373,0.0438050499119201,5.694656488549619,1.259426319000937,0.2211593133902449,9.0,1,1.0,0,0.2332439720630645,0.0344677067652845,0.0172338533826422,0.2625555437056493,0,10.0,5.024662360540223,0.6863171130593739,0.7094125468275546,128
Airports-Brazil,DGlf + VGAE 0%,123,256,128,131,377,0.0442748091603053,5.755725190839694,1.5924037380444511,0.2766643099254948,10.0,1,1.0,0,0.5437665581703186,0.0392369180898405,0.0196184590449202,0.2801318192917063,0,9.0,4.506048150322959,0.703952021285958,0.7071627837770951,128
Airports-Brazil,DGlf + VGAE 10%,123,256,128,131,377,0.0442748091603053,5.755725190839694,1.961817209674383,0.3408462260840108,11.0,1,1.0,0,0.5676392316818237,0.0624913275356437,0.0312456637678218,0.3535288603088685,0,9.0,4.28667058132707,0.7012445127577664,0.6888315717848439,128
Airports-Brazil,DGlf + VGAE 25%,123,256,128,131,377,0.0442748091603053,5.755725190839694,2.6931964126008965,0.467916087600421,13.0,2,0.9923664122137404,1,0.5782493352890015,0.0303443584566142,0.0151721792283071,0.2463508005126602,1,11.0,4.719618366129994,0.9192628917228792,0.9590340678311206,128
Airports-Brazil,DGlf + VGAE 40%,123,256,128,131,377,0.0442748091603053,5.755725190839694,3.549199679819102,0.616638140658226,15.0,8,0.8625954198473282,3,0.5543766617774963,0.0130928272923345,0.0065464136461672,0.1618198213590322,3,19.0,5.493836915297092,1.5990224226972436,1.1509628680224022,106
Airports-Brazil,DGlf + VGAE 55%,123,256,128,131,377,0.0442748091603053,5.755725190839694,4.133445050505525,0.7181449623557346,15.0,18,0.6641221374045801,11,0.5517241358757019,0.0434083990661421,0.021704199533071,0.2946469041620567,11,15.0,4.429029671210906,0.9606814258916532,0.7502801897359811,82
Roman-Empire,Original,123,256,128,22662,32927,0.0001282344913036,2.905921807430942,1.025649028831709,0.3529513513436418,14.0,1,1.0,0,0.0468916073441505,2.5545383812788363e-08,1.2772691906394181e-08,0.0002260326693767,0,6818.0,2343.7391822679933,,,0
Roman-Empire,Raw features -> UMAP -> Delaunay,123,256,128,22662,67950,0.0002646318730549,5.996822875297855,1.9545602710787824,0.3259326332832035,25.0,3,0.9999117465360516,2,0.5187785029411316,0.0003282274106377,0.0001641137053188,0.0256213743049738,2,57.0,23.11173971297277,1.2186098945438566,1.2271102110337315,128
Roman-Empire,DGlf + VGAE 0%,123,256,128,22662,67954,0.0002646474510901,5.997175889153649,2.478624701370111,0.4132986504285947,48.0,1,1.0,0,0.2783059179782867,0.0002514745950636,0.0001257372975318,0.022426528713272,0,37.0,18.530594103029436,1.0918153479356405,1.0984725796050674,128
Roman-Empire,DGlf + VGAE 10%,123,256,128,22662,67954,0.0002646474510901,5.997175889153649,2.8700399094833924,0.4785652384606693,37.0,132,0.5325655281969818,119,0.3153751194477081,0.0001616203924152,8.081019620761279e-05,0.0179788983208218,119,84.0,23.798566262533143,1.8163301588578384,1.1688453231720892,66
Roman-Empire,DGlf + VGAE 25%,123,256,128,22662,67954,0.0002646474510901,5.997175889153649,4.496214880394375,0.7497220297517243,63.0,448,0.5222839996469861,388,0.3375813066959381,9.004958267846661e-05,4.5024791339233306e-05,0.0134201030307868,388,102.0,25.354967390156315,3.4515204143822134,2.204655610679999,62
Roman-Empire,DGlf + VGAE 40%,123,256,128,22662,67954,0.0002646474510901,5.997175889153649,6.110353036361275,1.0188717405157843,88.0,981,0.4990733386285412,812,0.3443800210952759,6.737195931430455e-05,3.3685979657152275e-05,0.0116079248200791,812,127.0,30.229709191794147,1.6600405777493854,1.7016022381499385,12
Roman-Empire,DGlf + VGAE 55%,123,256,128,22662,67954,0.0002646474510901,5.997175889153649,7.681495654213363,1.2808521537789035,111.0,1842,0.4561821551495896,1474,0.3424669504165649,6.536005343747258e-05,3.268002671873629e-05,0.0114332894162154,1474,130.0,35.03084414602883,2.078110867310109,0.8694980222399811,12
Amazon-Photo,Original,123,256,128,7650,119081,0.0040701121168387,31.132287581699348,47.274501030768654,1.5185039296167322,1434.0,136,0.9786928104575164,115,0.8272436261177063,0.0029990426233067,0.0014995213116533,0.0774473062579556,115,10.0,4.026043406024579,0.3054637688131466,0.1531380425903246,128
Amazon-Photo,Raw features -> UMAP -> Delaunay,123,256,128,7650,22921,0.000783425062185,5.992418300653595,1.346385151192392,0.2246814363819597,14.0,1,1.0,0,0.730378270149231,0.0006232042881253,0.0003116021440626,0.0353045121231077,0,44.0,20.70220576219113,1.0478998663167562,1.047303549488368,128
Amazon-Photo,DGlf + VGAE 0%,123,256,128,7650,22916,0.0007832541653956,5.991111111111112,1.6554680855956003,0.2763207116164763,23.0,1,1.0,0,0.8703962564468384,0.0007538990608424,0.0003769495304212,0.038830376275346,0,34.0,16.75088553242254,1.0342275900875673,1.0502624933143196,128
Amazon-Photo,DGlf + VGAE 10%,123,256,128,7650,22916,0.0007832541653956,5.991111111111112,2.7358523914706656,0.4566519199413202,22.0,156,0.9715032679738562,115,0.8895531296730042,0.000509426763034,0.000254713381517,0.031919485053305,115,47.0,17.278027120340465,1.4636911382098494,1.1905348911438334,127
Amazon-Photo,DGlf + VGAE 25%,123,256,128,7650,22916,0.0007832541653956,5.991111111111112,4.70084675386686,0.7846368839911301,34.0,717,0.4981699346405229,565,0.8894222378730774,0.0003989701994899,0.0001994850997449,0.0282478388373317,565,39.0,9.562172941272966,1.3680348439589678,1.202936708471063,52
Amazon-Photo,DGlf + VGAE 40%,123,256,128,7650,22916,0.0007832541653956,5.991111111111112,6.523015016786559,1.088782180101614,42.0,1274,0.4462745098039216,1048,0.8796037435531616,0.0008853278313116,0.0004426639156558,0.0420791594809506,1048,40.0,8.843853006885437,1.9712166987815647,1.5801889734537955,57
Amazon-Photo,DGlf + VGAE 55%,123,256,128,7650,22916,0.0007832541653956,5.991111111111112,8.177662829541667,1.3649659767410052,49.0,1903,0.3875816993464052,1574,0.8580467700958252,0.0005751125094638,0.0002875562547319,0.0339149674764364,1574,44.0,9.942616080465587,1.5489092705108036,1.155735839536895,43
Pubmed,Original,123,256,128,19717,44324,0.0002280390882581,4.496018664096972,7.431003104853955,1.652796320485577,171.0,1,1.0,0,0.8023869395256042,0.0140666246919832,0.0070333123459916,0.1677296914203518,0,16.0,6.351042617670927,1.582890367537865,1.5411910326168918,128
Pubmed,Raw features -> UMAP -> Delaunay,123,256,128,19717,59127,0.0003041978876328,5.997565552568849,1.410872279715636,0.2352408268570466,15.0,1,1.0,0,0.6316065192222595,0.0003217612486151,0.0001608806243075,0.0253677452137611,0,63.0,28.3999143303662,1.1022668705064818,1.1161557592625917,128
Pubmed,DGlf + VGAE 0%,123,256,128,19717,59112,0.0003041207153035,5.99604402292438,1.5056434123639346,0.2511061304098973,22.0,1,1.0,0,0.8171098828315735,0.0002005611751964,0.0001002805875982,0.020028039105038,0,60.0,27.907155039054576,1.1048209688501336,1.1077090546815134,128
Pubmed,DGlf + VGAE 10%,123,256,128,19717,59112,0.0003041207153035,5.99604402292438,3.399859564640604,0.5670171118894537,59.0,15,0.9992392351777654,13,0.8224895000457764,0.0008634352059961,0.000431717602998,0.0415556303284199,13,28.0,13.82409522359271,0.8009542364745854,0.7825756043067741,128
Pubmed,DGlf + VGAE 25%,123,256,128,19717,59112,0.0003041207153035,5.99604402292438,6.81631305185769,1.1368017022218675,108.0,237,0.9866105391286708,215,0.825433075428009,0.0013696996747023,0.0006848498373511,0.0523392715788499,215,26.0,12.331434227521592,1.0430177789644053,0.8754172456947044,128
Pubmed,DGlf + VGAE 40%,123,256,128,19717,59112,0.0003041207153035,5.99604402292438,9.927131403022404,1.6556134953426778,141.0,949,0.9365522138256328,789,0.826515793800354,0.0015171053548308,0.0007585526774154,0.0550836700816284,789,28.0,12.450342920728405,1.2481216775722128,1.038094234709951,125
Pubmed,DGlf + VGAE 55%,123,256,128,19717,59112,0.0003041207153035,5.99604402292438,12.87739259391991,2.147648106766129,170.0,2304,0.8423695288329868,1868,0.8250778317451477,0.0012306294728634,0.0006153147364317,0.0496110768450641,1868,34.0,13.419815563282755,,,0
Texas,Original,123,256,128,183,279,0.0167537380652134,3.0491803278688523,7.803795271508153,2.5593092019462222,104.0,1,1.0,0,0.0609318986535072,0.1062296266093834,0.0531148133046917,0.4609330246562583,0,8.0,3.0362096919473966,1.7821805185135475,1.6383351983813657,128
Texas,Raw features -> UMAP -> Delaunay,123,256,128,183,532,0.0319461958806221,5.814207650273224,1.1348504634389955,0.1951857470012558,8.0,1,1.0,0,0.6109022498130798,0.0420807109859888,0.0210403554929944,0.2901058806228815,0,12.0,5.620008406893652,0.7236233707849576,0.7312690583193688,128
Texas,DGlf + VGAE 0%,123,256,128,183,531,0.031886146640245,5.80327868852459,1.6007478320417174,0.2758350784026688,12.0,1,1.0,0,0.5197740197181702,0.0338155785759664,0.0169077892879832,0.260059910697387,0,10.0,4.866690686362817,0.760186208043933,0.7533707730437051,128
Texas,DGlf + VGAE 10%,123,256,128,183,531,0.031886146640245,5.80327868852459,1.9232799181721263,0.3314126412669483,12.0,2,0.994535519125683,1,0.5593220591545105,0.0518825938691102,0.0259412969345551,0.3221260432473916,1,9.0,4.200230708518001,0.7153767463679819,0.6466229513707467,128
Texas,DGlf + VGAE 25%,123,256,128,183,531,0.031886146640245,5.80327868852459,2.75692672878814,0.4750636453561484,14.0,5,0.9781420765027322,4,0.5838041305541992,0.032798684872761,0.0163993424363805,0.2561198347366368,4,11.0,4.196911681627016,0.853608651256488,0.6897448621968731,128
Texas,DGlf + VGAE 40%,123,256,128,183,531,0.031886146640245,5.80327868852459,3.5811574530804244,0.6170921034969093,17.0,8,0.9617486338797814,7,0.5969868302345276,0.0417430874144589,0.0208715437072294,0.2889397425570215,7,12.0,4.273506493506494,1.0062052506299897,0.7699637723773314,128
Texas,DGlf + VGAE 55%,123,256,128,183,531,0.031886146640245,5.80327868852459,4.3096777818689525,0.7426280923559495,19.0,11,0.9234972677595628,8,0.6233521699905396,0.0095820470653087,0.0047910235326543,0.1384344398284528,8,16.0,5.310157790927022,1.6346256567639517,1.1378548993393094,117
