metric,target,pearson_r,pearson_p,spearman_rho,spearman_p,n
delta_num_edges,corrected_mean_gain,0.15825221432646308,0.6232659114124468,-0.04195804195804196,0.8969858708195542,12
delta_density,corrected_mean_gain,-0.6733895368097579,0.016374299332178398,-0.2797202797202798,0.37856866966230307,12
delta_avg_degree,corrected_mean_gain,-0.3787425001293719,0.2247192711761974,-0.1958041958041958,0.5419358857313175,12
delta_degree_cv,corrected_mean_gain,-0.3577601021936151,0.2535457952258942,-0.44755244755244755,0.14458630130334754,12
delta_edge_homophily,corrected_mean_gain,0.015261057027248968,0.9624551525682321,0.21678321678321683,0.49855598552418856,12
delta_lambda2_norm_laplacian,corrected_mean_gain,-0.7107444394578084,0.009571471359635705,-0.8951048951048951,8.36658642909172e-05,12
delta_cheeger_lower_bound,corrected_mean_gain,-0.7107444394578082,0.009571471359635738,-0.8951048951048951,8.36658642909172e-05,12
delta_cheeger_upper_bound,corrected_mean_gain,-0.7630948403928388,0.0038858477237237767,-0.8601398601398602,0.0003316683391269209,12
delta_approx_diameter,corrected_mean_gain,0.3000134454294083,0.3434158811260456,0.08391608391608392,0.7954145018538977,12
delta_approx_avg_shortest_path,corrected_mean_gain,0.30200809981076615,0.3400587099517823,0.0,1.0,12
delta_effective_resistance_sample,corrected_mean_gain,0.07057263538756353,0.8366432872516568,0.02727272727272728,0.9365584481926122,11
delta_num_components,corrected_mean_gain,-0.2816220249755175,0.3751980242607589,-0.4825174825174825,0.11210929146889191,12
delta_largest_cc_ratio,corrected_mean_gain,0.23372766023190486,0.4646997356614366,-0.027972027972027972,0.9312343512018808,12
delta_num_isolates,corrected_mean_gain,-0.2800667601952952,0.37795340555805323,-0.6433566433566434,0.024003191200713644,12
