wave,graph_id,family,configuration_id,lambda2_norm_laplacian,algebraic_connectivity,density,avg_degree,degree_cv,avg_clustering,transitivity,degree_assortativity,approx_avg_shortest_path,approx_diameter,num_components,largest_cc_ratio,num_isolates,effective_resistance_sample,edge_connectivity_ratio,spectral_sweep_conductance,modularity,predicted_probability,predicted_success,knowledge_graphs_before_prediction,prediction_timestamp_utc
blind_wave1_geometric,latent_geometric_recovery__001e64ba04__i00,latent_geometric_recovery,latent_geometric_recovery__001e64ba04,0.308485493322622,1.756324313527228,0.020033388981636,12.0,0.3969501787938185,0.0100195148699815,0.0125412114551684,0.1936075586639823,3.1431943864774623,5.0,1,1.0,0,0.2169112558435818,,0.2611961057023644,0.3437137345679012,0.5055945542375291,1,180,2026-09-18T11:56:56.245869+00:00
blind_wave1_geometric,latent_geometric_recovery__033243addd__i00,latent_geometric_recovery,latent_geometric_recovery__033243addd,0.1340009647973356,0.2207791354466571,0.0251046025104602,6.0,0.7399011445481779,0.1242256490785901,0.1564124056999161,0.4417103862890358,3.356317934782609,9.0,23,0.8666666666666667,17,0.7485964462676916,0.0007052186177715,0.1851851851851851,0.4557648533950617,0.17998442998784928,0,180,2026-09-18T11:56:56.245869+00:00
blind_wave1_geometric,latent_geometric_recovery__07d839d1da__i00,latent_geometric_recovery,latent_geometric_recovery__07d839d1da,0.1672404763844089,0.5666498992001607,0.020033388981636,12.0,0.4846963539738622,0.2194185270915194,0.2665983235843936,0.3717330522382133,3.2057335141903174,6.0,1,1.0,0,0.2853146936456687,,0.1502678319706794,0.4965965277777777,0.3097705554294645,0,180,2026-09-18T11:56:56.245869+00:00
blind_wave1_geometric,latent_geometric_recovery__0909f6d6cb__i00,latent_geometric_recovery,latent_geometric_recovery__0909f6d6cb,0.0756411595607771,0.1734609315445064,0.010016694490818,6.0,0.6174169609783194,0.1966961676667561,0.2758252649233819,0.4492409381242336,4.393849848877375,10.0,21,0.9666666666666668,20,0.6954103307050712,,0.125,0.6287981481481483,0.18506583758269016,0,180,2026-09-18T11:56:56.245869+00:00
blind_wave1_geometric,latent_geometric_recovery__11f5211d4f__i00,latent_geometric_recovery,latent_geometric_recovery__11f5211d4f,0.3104327175860978,0.5850046511932239,0.0502092050209205,12.0,0.664100965661542,0.0862626389160969,0.1203273517752866,0.2315359661336725,2.6045048701298703,6.0,9,0.9666666666666668,8,0.4063322927551204,0.0003472222222222,0.3853658536585366,0.228408805941358,0.2139459156414552,0,180,2026-09-18T11:56:56.245869+00:00
blind_wave1_geometric,latent_geometric_recovery__18551c1deb__i00,latent_geometric_recovery,latent_geometric_recovery__18551c1deb,0.1709193154672688,0.3449130783191405,0.020033388981636,12.0,0.5259031033128385,0.2287711616899554,0.2994296577946768,0.480686569226193,3.2079637938230383,7.0,1,1.0,0,0.2928001449946168,,0.1868743047830923,0.5246952932098764,0.2754652981567423,0,180,2026-09-18T11:56:56.245869+00:00
blind_wave1_geometric,latent_geometric_recovery__2b05e53d67__i00,latent_geometric_recovery,latent_geometric_recovery__2b05e53d67,0.0637935718473355,0.1731436269054706,0.010016694490818,6.0,0.6767296084574421,0.1404037748743633,0.1490750035852574,0.426619076639926,4.009714419475656,10.0,59,0.8916666666666667,53,0.6294458857426415,,0.1494252873563218,0.5201037037037037,0.18257943145393882,0,180,2026-09-18T11:56:56.245869+00:00
blind_wave1_geometric,latent_geometric_recovery__2bb19369aa__i00,latent_geometric_recovery,latent_geometric_recovery__2bb19369aa,0.0,0.2075147837199489,0.010016694490818,6.0,0.6743309441381303,0.1303251672075203,0.1431960319171878,0.4396218155861942,3.957295582706767,9.0,56,0.8883333333333333,46,0.6102420340766029,,0.1428571428571428,0.507324845679012,0.1825840043622146,0,180,2026-09-18T11:56:56.245869+00:00
blind_wave1_geometric,latent_geometric_recovery__2c737b004c__i00,latent_geometric_recovery,latent_geometric_recovery__2c737b004c,0.1857541300810741,0.2962218480186163,0.0251046025104602,6.0,0.6319062870042959,0.0471101352351352,0.0647887323943662,0.1951481023743841,3.1544053819444446,7.0,24,0.9041666666666668,23,0.5609145770392596,0.0006944444444444,0.318051575931232,0.3769695216049382,0.17323207625900813,0,180,2026-09-18T11:56:56.245869+00:00
blind_wave1_geometric,latent_geometric_recovery__2e74ebabfb__i00,latent_geometric_recovery,latent_geometric_recovery__2e74ebabfb,0.1732624364938866,0.2600543150051873,0.020033388981636,12.0,0.600096442866262,0.0486129881037966,0.0623311637688779,0.2703416345689272,2.862318638392857,8.0,34,0.935,28,0.4346675786090021,,0.3333333333333333,0.2680560570987654,0.2046822252719249,0,180,2026-09-18T11:56:56.245869+00:00
blind_wave1_geometric,latent_geometric_recovery__2eb73d3328__i00,latent_geometric_recovery,latent_geometric_recovery__2eb73d3328,0.1132842922365741,0.2463565093194733,0.0251046025104602,6.0,0.5432668671002208,0.2419665764518705,0.2916923076923077,0.3195377154392416,3.6909906914893615,8.0,5,0.9833333333333332,4,0.696393800106865,0.0006944444444444,0.1441441441441441,0.5931577932098766,0.20026362556446314,0,180,2026-09-18T11:56:56.245869+00:00
blind_wave1_geometric,latent_geometric_recovery__3259ac0b68__i00,latent_geometric_recovery,latent_geometric_recovery__3259ac0b68,0.2044855645175741,0.357106528198523,0.0251046025104602,6.0,0.5407042732502778,0.0732776714026713,0.0999383096853794,0.1946066619306723,3.479615283613445,7.0,2,0.9958333333333332,1,0.7661734628364725,0.0006944444444444,0.2188841201716738,0.4655623070987654,0.30705617068832325,0,180,2026-09-18T11:56:56.245869+00:00
blind_wave1_geometric,latent_geometric_recovery__5275230ecb__i00,latent_geometric_recovery,latent_geometric_recovery__5275230ecb,0.2529859655954016,0.3523681446736751,0.020033388981636,12.0,0.6477167876757843,0.0519456110532608,0.0659517704940752,0.2889010595291998,2.9422931109185444,7.0,22,0.9633333333333334,20,0.4645582849724599,,0.3333333333333333,0.2697421682098766,0.2008434913636414,0,180,2026-09-18T11:56:56.245869+00:00
blind_wave1_geometric,latent_geometric_recovery__631b8a3b90__i00,latent_geometric_recovery,latent_geometric_recovery__631b8a3b90,0.2026538079608554,0.500814468932918,0.010016694490818,6.0,0.4903702305023857,0.0043334258334258,0.0049150642407519,0.0984375224357801,4.116078969594595,8.0,8,0.9883333333333332,7,0.5595229402115474,,0.2331838565022421,0.4802052469135802,0.3218375551564935,0,180,2026-09-18T11:56:56.245869+00:00
blind_wave1_geometric,latent_geometric_recovery__66b29edc01__i00,latent_geometric_recovery,latent_geometric_recovery__66b29edc01,0.1759709153203304,0.2754297792866267,0.0251046025104602,6.0,0.6131279849476176,0.0595192538942539,0.0677641653905053,0.2224739963992842,3.231935803167421,7.0,17,0.925,14,0.5164782911989101,0.0006963788300835,0.2932960893854748,0.3752305169753085,0.17624805789121342,0,180,2026-09-18T11:56:56.245869+00:00
blind_wave1_geometric,latent_geometric_recovery__683d842718__i00,latent_geometric_recovery,latent_geometric_recovery__683d842718,0.0374496365061282,0.1211664041879868,0.0251046025104602,6.0,0.6746055088661763,0.1211972286972286,0.1660079051383399,0.4763973597055949,3.624336674528302,15.0,24,0.8875,19,1.0002299286948853,0.0006983240223463,0.0833333333333333,0.4524305555555553,0.1825734009026488,0,180,2026-09-18T11:56:56.245869+00:00
blind_wave1_geometric,latent_geometric_recovery__68cf4a40ac__i00,latent_geometric_recovery,latent_geometric_recovery__68cf4a40ac,0.0,0.1870877239170934,0.010016694490818,6.0,0.6402401169931539,0.0379179552960513,0.0449095106874208,0.2766592518570106,3.7611768018018017,10.0,37,0.9266666666666666,32,0.7021012123051054,,0.2,0.406586111111111,0.17757358972660806,0,180,2026-09-18T11:56:56.245869+00:00
blind_wave1_geometric,latent_geometric_recovery__73818d3c6f__i00,latent_geometric_recovery,latent_geometric_recovery__73818d3c6f,0.0,0.308740418574266,0.020033388981636,12.0,0.5938730379341911,0.1367434338659075,0.1595302356116419,0.5064551055335555,3.0235491071428573,8.0,32,0.935,24,0.2983514609056222,,0.2592592592592592,0.4014726466049381,0.20070645685558164,0,180,2026-09-18T11:56:56.245869+00:00
blind_wave1_geometric,latent_geometric_recovery__7ca15073b8__i00,latent_geometric_recovery,latent_geometric_recovery__7ca15073b8,0.0,0.3271384174201803,0.020033388981636,12.0,0.593541630104129,0.1378815315463806,0.1550374870026815,0.4914766380740878,3.052469135802469,8.0,28,0.9466666666666668,25,0.3754365376752447,,0.25,0.4134250771604938,0.1995182353833795,0,180,2026-09-18T11:56:56.245869+00:00
blind_wave1_geometric,latent_geometric_recovery__7f413ef867__i00,latent_geometric_recovery,latent_geometric_recovery__7f413ef867,0.2285281079777076,0.3691388425138762,0.0502092050209205,12.0,0.5915590668983357,0.1625369011084479,0.2013524009686115,0.4453880640888681,2.6244123340707963,7.0,14,0.9458333333333332,13,0.2784786041770642,0.0003472222222222,0.361344537815126,0.3392980806327161,0.20682670687372545,0,180,2026-09-18T11:56:56.245869+00:00
blind_wave1_geometric,latent_geometric_recovery__8453f70008__i00,latent_geometric_recovery,latent_geometric_recovery__8453f70008,0.3408221896644795,0.9034034729824324,0.0502092050209205,12.0,0.4082482904638629,0.0770539030353019,0.0961538461538461,0.1356867554309742,2.605583158995816,5.0,1,1.0,0,0.2297846901086315,0.0003472222222222,0.2886093640810622,0.3307171103395062,0.3826491151567425,0,180,2026-09-18T11:56:56.245869+00:00
blind_wave1_geometric,latent_geometric_recovery__84ece7ae4b__i00,latent_geometric_recovery,latent_geometric_recovery__84ece7ae4b,0.3614487961615983,1.5482424420908216,0.0502092050209205,12.0,0.4170831252080733,0.0213247628768616,0.0272206303724928,0.1194418097487921,2.7119835251046025,5.0,1,1.0,0,0.2135571088968857,0.0006944444444444,0.2852137351086194,0.3046983506944444,0.4664764765596303,0,180,2026-09-18T11:56:56.245869+00:00
blind_wave1_geometric,latent_geometric_recovery__93a1217d0d__i00,latent_geometric_recovery,latent_geometric_recovery__93a1217d0d,0.2658805934000883,0.5528761144907567,0.0502092050209205,12.0,0.60380736442456,0.1403362854440892,0.1901084010840108,0.4136975330108657,2.6234585201793723,6.0,15,0.9333333333333332,12,0.3161302421668081,0.0003477051460361,0.3268292682926829,0.3190178915895061,0.20967240293895012,0,180,2026-09-18T11:56:56.245869+00:00
blind_wave1_geometric,latent_geometric_recovery__9ac4776d97__i00,latent_geometric_recovery,latent_geometric_recovery__9ac4776d97,0.2007181197459997,0.9202236181755198,0.0502092050209205,12.0,0.5665236747692669,0.2222799806649303,0.3184326194706817,0.5118144071626576,2.779871323529412,5.0,2,0.9958333333333332,1,0.2908357850981388,0.0003472222222222,0.1699164345403899,0.4069929108796297,0.2798238561948719,0,180,2026-09-18T11:56:56.245869+00:00
blind_wave1_geometric,latent_geometric_recovery__9f637ce7df__i00,latent_geometric_recovery,latent_geometric_recovery__9f637ce7df,0.0865255160154849,0.1548666592946552,0.010016694490818,6.0,0.5893342131717917,0.2245591959783135,0.2755078033095443,0.3979804309640828,4.382611836472603,10.0,16,0.975,15,0.7434666712249677,,0.1277683134582623,0.6725058641975309,0.18878610497127454,0,180,2026-09-18T11:56:56.245869+00:00
blind_wave1_geometric,latent_geometric_recovery__bcae7a0b37__i00,latent_geometric_recovery,latent_geometric_recovery__bcae7a0b37,0.0848140784523809,0.1965222284065599,0.010016694490818,6.0,0.7146612769282666,0.0390700573935867,0.0570405070267291,0.3237731736695217,3.737232881433824,9.0,50,0.9083333333333332,43,0.655133651943278,,0.1428571428571428,0.4087728395061727,0.17777010148695332,0,180,2026-09-18T11:56:56.245869+00:00
blind_wave1_geometric,latent_geometric_recovery__c0d568cf33__i00,latent_geometric_recovery,latent_geometric_recovery__c0d568cf33,0.2957929070729905,1.424667527887543,0.020033388981636,12.0,0.4561818188528033,0.0732793165866008,0.0951430335459971,0.1820792881596172,3.001917257929883,5.0,1,1.0,0,0.2471268175579354,,0.2658509454949944,0.3644840277777778,0.3815945294712194,0,180,2026-09-18T11:56:56.245869+00:00
blind_wave1_geometric,latent_geometric_recovery__c2f670b3fe__i00,latent_geometric_recovery,latent_geometric_recovery__c2f670b3fe,0.1976409649953044,0.8202899409473345,0.0502092050209205,12.0,0.5059827255139433,0.231280981043592,0.2941669956573233,0.4211819216610747,2.786905073221757,5.0,1,1.0,0,0.2762408481346629,0.0003472222222222,0.1738525730180806,0.4322275270061728,0.28472724795960214,0,180,2026-09-18T11:56:56.245869+00:00
blind_wave1_geometric,latent_geometric_recovery__d2cafeebac__i00,latent_geometric_recovery,latent_geometric_recovery__d2cafeebac,0.1921653516197647,0.448194626256313,0.010016694490818,6.0,0.5229899793672136,0.0573790006290006,0.0840722770620712,0.152256292258808,3.984033613445378,8.0,5,0.9933333333333332,4,0.6471741755589968,,0.2205471803461753,0.5046334876543209,0.27554117959082286,0,180,2026-09-18T11:56:56.245869+00:00
blind_wave1_geometric,latent_geometric_recovery__ded254cab3__i00,latent_geometric_recovery,latent_geometric_recovery__ded254cab3,0.0865877847141101,0.1460833325457322,0.0251046025104602,6.0,0.537914353639919,0.2176984358234358,0.257319587628866,0.3598371935612568,3.8248808262711855,10.0,4,0.9875,3,0.7238275142614179,0.0006944444444444,0.1851851851851851,0.5754234182098765,0.22004406045571298,0,180,2026-09-18T11:56:56.245869+00:00
blind_wave1_geometric,latent_geometric_recovery__e49bb867c7__i00,latent_geometric_recovery,latent_geometric_recovery__e49bb867c7,0.205594193672303,0.369155809967862,0.0502092050209205,12.0,0.6293827811317888,0.0838551065588323,0.1096319153625743,0.2119054925404687,2.570243667400881,7.0,12,0.95,10,0.4310288503454732,0.0003474635163307,0.3333333333333333,0.2435050154320988,0.20700084789586629,0,180,2026-09-18T11:56:56.245869+00:00
blind_wave1_geometric,latent_geometric_recovery__f9440f0eb0__i00,latent_geometric_recovery,latent_geometric_recovery__f9440f0eb0,0.194274555850894,0.6193986848409547,0.0251046025104602,6.0,0.4592163211707851,0.019289368039368,0.0239414763910441,0.1438572488180879,3.562957635983264,8.0,1,1.0,0,0.5812591049397724,0.0006944444444444,0.2089136490250696,0.4588985339506173,0.44639148056747713,0,180,2026-09-18T11:56:56.245869+00:00
