wave,graph_id,family,configuration_id,lambda2_norm_laplacian,algebraic_connectivity,density,avg_degree,degree_cv,avg_clustering,transitivity,degree_assortativity,approx_avg_shortest_path,approx_diameter,num_components,largest_cc_ratio,num_isolates,effective_resistance_sample,edge_connectivity_ratio,spectral_sweep_conductance,modularity,predicted_probability,predicted_success,knowledge_graphs_before_prediction,prediction_timestamp_utc,gain_pp,success
blind_wave1_geometric,latent_geometric_recovery__001e64ba04__i00,latent_geometric_recovery,latent_geometric_recovery__001e64ba04,0.308485493322622,1.756324313527228,0.020033388981636,12.0,0.3969501787938185,0.0100195148699815,0.0125412114551684,0.1936075586639823,3.1431943864774623,5.0,1,1.0,0,0.2169112558435818,,0.2611961057023644,0.3437137345679012,0.5055945542375291,1,180,2026-09-18T11:56:56.245869+00:00,-14.888363575484128,0
blind_wave1_geometric,latent_geometric_recovery__033243addd__i00,latent_geometric_recovery,latent_geometric_recovery__033243addd,0.1340009647973356,0.2207791354466571,0.0251046025104602,6.0,0.7399011445481779,0.1242256490785901,0.1564124056999161,0.4417103862890358,3.356317934782609,9.0,23,0.8666666666666667,17,0.7485964462676916,0.0007052186177715,0.1851851851851851,0.4557648533950617,0.1799844299878492,0,180,2026-09-18T11:56:56.245869+00:00,-9.15386864083709,0
blind_wave1_geometric,latent_geometric_recovery__07d839d1da__i00,latent_geometric_recovery,latent_geometric_recovery__07d839d1da,0.1672404763844089,0.5666498992001607,0.020033388981636,12.0,0.4846963539738622,0.2194185270915194,0.2665983235843936,0.3717330522382133,3.2057335141903174,6.0,1,1.0,0,0.2853146936456687,,0.1502678319706794,0.4965965277777777,0.3097705554294645,0,180,2026-09-18T11:56:56.245869+00:00,-13.33909638570216,0
blind_wave1_geometric,latent_geometric_recovery__0909f6d6cb__i00,latent_geometric_recovery,latent_geometric_recovery__0909f6d6cb,0.0756411595607771,0.1734609315445064,0.010016694490818,6.0,0.6174169609783194,0.1966961676667561,0.2758252649233819,0.4492409381242336,4.393849848877375,10.0,21,0.9666666666666668,20,0.6954103307050712,,0.125,0.6287981481481483,0.1850658375826901,0,180,2026-09-18T11:56:56.245869+00:00,-3.61084064635413,0
blind_wave1_geometric,latent_geometric_recovery__11f5211d4f__i00,latent_geometric_recovery,latent_geometric_recovery__11f5211d4f,0.3104327175860978,0.5850046511932239,0.0502092050209205,12.0,0.664100965661542,0.0862626389160969,0.1203273517752866,0.2315359661336725,2.6045048701298703,6.0,9,0.9666666666666668,8,0.4063322927551204,0.0003472222222222,0.3853658536585366,0.228408805941358,0.2139459156414552,0,180,2026-09-18T11:56:56.245869+00:00,0.61230339816893,1
blind_wave1_geometric,latent_geometric_recovery__18551c1deb__i00,latent_geometric_recovery,latent_geometric_recovery__18551c1deb,0.1709193154672688,0.3449130783191405,0.020033388981636,12.0,0.5259031033128385,0.2287711616899554,0.2994296577946768,0.480686569226193,3.2079637938230383,7.0,1,1.0,0,0.2928001449946168,,0.1868743047830923,0.5246952932098764,0.2754652981567423,0,180,2026-09-18T11:56:56.245869+00:00,-16.9499138013323,0
blind_wave1_geometric,latent_geometric_recovery__2b05e53d67__i00,latent_geometric_recovery,latent_geometric_recovery__2b05e53d67,0.0637935718473355,0.1731436269054706,0.010016694490818,6.0,0.6767296084574421,0.1404037748743633,0.1490750035852574,0.426619076639926,4.009714419475656,10.0,59,0.8916666666666667,53,0.6294458857426415,,0.1494252873563218,0.5201037037037037,0.1825794314539388,0,180,2026-09-18T11:56:56.245869+00:00,-1.2133454557532402,0
blind_wave1_geometric,latent_geometric_recovery__2bb19369aa__i00,latent_geometric_recovery,latent_geometric_recovery__2bb19369aa,0.0,0.2075147837199489,0.010016694490818,6.0,0.6743309441381303,0.1303251672075203,0.1431960319171878,0.4396218155861942,3.957295582706767,9.0,56,0.8883333333333333,46,0.6102420340766029,,0.1428571428571428,0.507324845679012,0.1825840043622146,0,180,2026-09-18T11:56:56.245869+00:00,-2.6183621483307,0
blind_wave1_geometric,latent_geometric_recovery__2c737b004c__i00,latent_geometric_recovery,latent_geometric_recovery__2c737b004c,0.1857541300810741,0.2962218480186163,0.0251046025104602,6.0,0.6319062870042959,0.0471101352351352,0.0647887323943662,0.1951481023743841,3.1544053819444446,7.0,24,0.9041666666666668,23,0.5609145770392596,0.0006944444444444,0.318051575931232,0.3769695216049382,0.1732320762590081,0,180,2026-09-18T11:56:56.245869+00:00,5.09111679103617,1
blind_wave1_geometric,latent_geometric_recovery__2e74ebabfb__i00,latent_geometric_recovery,latent_geometric_recovery__2e74ebabfb,0.1732624364938866,0.2600543150051873,0.020033388981636,12.0,0.600096442866262,0.0486129881037966,0.0623311637688779,0.2703416345689272,2.862318638392857,8.0,34,0.935,28,0.4346675786090021,,0.3333333333333333,0.2680560570987654,0.2046822252719249,0,180,2026-09-18T11:56:56.245869+00:00,0.39840282153725,0
blind_wave1_geometric,latent_geometric_recovery__2eb73d3328__i00,latent_geometric_recovery,latent_geometric_recovery__2eb73d3328,0.1132842922365741,0.2463565093194733,0.0251046025104602,6.0,0.5432668671002208,0.2419665764518705,0.2916923076923077,0.3195377154392416,3.6909906914893615,8.0,5,0.9833333333333332,4,0.696393800106865,0.0006944444444444,0.1441441441441441,0.5931577932098766,0.2002636255644631,0,180,2026-09-18T11:56:56.245869+00:00,3.3276956654443697,1
blind_wave1_geometric,latent_geometric_recovery__3259ac0b68__i00,latent_geometric_recovery,latent_geometric_recovery__3259ac0b68,0.2044855645175741,0.357106528198523,0.0251046025104602,6.0,0.5407042732502778,0.0732776714026713,0.0999383096853794,0.1946066619306723,3.479615283613445,7.0,2,0.9958333333333332,1,0.7661734628364725,0.0006944444444444,0.2188841201716738,0.4655623070987654,0.3070561706883232,0,180,2026-09-18T11:56:56.245869+00:00,-14.6819428414009,0
blind_wave1_geometric,latent_geometric_recovery__5275230ecb__i00,latent_geometric_recovery,latent_geometric_recovery__5275230ecb,0.2529859655954016,0.3523681446736751,0.020033388981636,12.0,0.6477167876757843,0.0519456110532608,0.0659517704940752,0.2889010595291998,2.9422931109185444,7.0,22,0.9633333333333334,20,0.4645582849724599,,0.3333333333333333,0.2697421682098766,0.2008434913636414,0,180,2026-09-18T11:56:56.245869+00:00,0.42962035544037,0
blind_wave1_geometric,latent_geometric_recovery__631b8a3b90__i00,latent_geometric_recovery,latent_geometric_recovery__631b8a3b90,0.2026538079608554,0.500814468932918,0.010016694490818,6.0,0.4903702305023857,0.0043334258334258,0.0049150642407519,0.0984375224357801,4.116078969594595,8.0,8,0.9883333333333332,7,0.5595229402115474,,0.2331838565022421,0.4802052469135802,0.3218375551564935,0,180,2026-09-18T11:56:56.245869+00:00,-17.28179737669265,0
blind_wave1_geometric,latent_geometric_recovery__66b29edc01__i00,latent_geometric_recovery,latent_geometric_recovery__66b29edc01,0.1759709153203304,0.2754297792866267,0.0251046025104602,6.0,0.6131279849476176,0.0595192538942539,0.0677641653905053,0.2224739963992842,3.231935803167421,7.0,17,0.925,14,0.5164782911989101,0.0006963788300835,0.2932960893854748,0.3752305169753085,0.1762480578912134,0,180,2026-09-18T11:56:56.245869+00:00,-3.7807978759384,0
blind_wave1_geometric,latent_geometric_recovery__683d842718__i00,latent_geometric_recovery,latent_geometric_recovery__683d842718,0.0374496365061282,0.1211664041879868,0.0251046025104602,6.0,0.6746055088661763,0.1211972286972286,0.1660079051383399,0.4763973597055949,3.624336674528302,15.0,24,0.8875,19,1.0002299286948853,0.0006983240223463,0.0833333333333333,0.4524305555555553,0.1825734009026488,0,180,2026-09-18T11:56:56.245869+00:00,-0.1545159612729,0
blind_wave1_geometric,latent_geometric_recovery__68cf4a40ac__i00,latent_geometric_recovery,latent_geometric_recovery__68cf4a40ac,0.0,0.1870877239170934,0.010016694490818,6.0,0.6402401169931539,0.0379179552960513,0.0449095106874208,0.2766592518570106,3.7611768018018017,10.0,37,0.9266666666666666,32,0.7021012123051054,,0.2,0.406586111111111,0.177573589726608,0,180,2026-09-18T11:56:56.245869+00:00,-2.32796740387517,0
blind_wave1_geometric,latent_geometric_recovery__73818d3c6f__i00,latent_geometric_recovery,latent_geometric_recovery__73818d3c6f,0.0,0.308740418574266,0.020033388981636,12.0,0.5938730379341911,0.1367434338659075,0.1595302356116419,0.5064551055335555,3.0235491071428573,8.0,32,0.935,24,0.2983514609056222,,0.2592592592592592,0.4014726466049381,0.2007064568555816,0,180,2026-09-18T11:56:56.245869+00:00,-0.10023125440402,0
blind_wave1_geometric,latent_geometric_recovery__7ca15073b8__i00,latent_geometric_recovery,latent_geometric_recovery__7ca15073b8,0.0,0.3271384174201803,0.020033388981636,12.0,0.593541630104129,0.1378815315463806,0.1550374870026815,0.4914766380740878,3.052469135802469,8.0,28,0.9466666666666668,25,0.3754365376752447,,0.25,0.4134250771604938,0.1995182353833795,0,180,2026-09-18T11:56:56.245869+00:00,-1.62351540887783,0
blind_wave1_geometric,latent_geometric_recovery__7f413ef867__i00,latent_geometric_recovery,latent_geometric_recovery__7f413ef867,0.2285281079777076,0.3691388425138762,0.0502092050209205,12.0,0.5915590668983357,0.1625369011084479,0.2013524009686115,0.4453880640888681,2.6244123340707963,7.0,14,0.9458333333333332,13,0.2784786041770642,0.0003472222222222,0.361344537815126,0.3392980806327161,0.2068267068737254,0,180,2026-09-18T11:56:56.245869+00:00,-7.37748150424523,0
blind_wave1_geometric,latent_geometric_recovery__8453f70008__i00,latent_geometric_recovery,latent_geometric_recovery__8453f70008,0.3408221896644795,0.9034034729824324,0.0502092050209205,12.0,0.4082482904638629,0.0770539030353019,0.0961538461538461,0.1356867554309742,2.605583158995816,5.0,1,1.0,0,0.2297846901086315,0.0003472222222222,0.2886093640810622,0.3307171103395062,0.3826491151567425,0,180,2026-09-18T11:56:56.245869+00:00,-16.37786787775088,0
blind_wave1_geometric,latent_geometric_recovery__84ece7ae4b__i00,latent_geometric_recovery,latent_geometric_recovery__84ece7ae4b,0.3614487961615983,1.5482424420908216,0.0502092050209205,12.0,0.4170831252080733,0.0213247628768616,0.0272206303724928,0.1194418097487921,2.7119835251046025,5.0,1,1.0,0,0.2135571088968857,0.0006944444444444,0.2852137351086194,0.3046983506944444,0.4664764765596303,0,180,2026-09-18T11:56:56.245869+00:00,-11.56399316360168,0
blind_wave1_geometric,latent_geometric_recovery__93a1217d0d__i00,latent_geometric_recovery,latent_geometric_recovery__93a1217d0d,0.2658805934000883,0.5528761144907567,0.0502092050209205,12.0,0.60380736442456,0.1403362854440892,0.1901084010840108,0.4136975330108657,2.6234585201793723,6.0,15,0.9333333333333332,12,0.3161302421668081,0.0003477051460361,0.3268292682926829,0.3190178915895061,0.2096724029389501,0,180,2026-09-18T11:56:56.245869+00:00,-0.89658627531723,0
blind_wave1_geometric,latent_geometric_recovery__9ac4776d97__i00,latent_geometric_recovery,latent_geometric_recovery__9ac4776d97,0.2007181197459997,0.9202236181755198,0.0502092050209205,12.0,0.5665236747692669,0.2222799806649303,0.3184326194706817,0.5118144071626576,2.779871323529412,5.0,2,0.9958333333333332,1,0.2908357850981388,0.0003472222222222,0.1699164345403899,0.4069929108796297,0.2798238561948719,0,180,2026-09-18T11:56:56.245869+00:00,-10.48130374715363,0
blind_wave1_geometric,latent_geometric_recovery__9f637ce7df__i00,latent_geometric_recovery,latent_geometric_recovery__9f637ce7df,0.0865255160154849,0.1548666592946552,0.010016694490818,6.0,0.5893342131717917,0.2245591959783135,0.2755078033095443,0.3979804309640828,4.382611836472603,10.0,16,0.975,15,0.7434666712249677,,0.1277683134582623,0.6725058641975309,0.1887861049712745,0,180,2026-09-18T11:56:56.245869+00:00,-12.589165234979848,0
blind_wave1_geometric,latent_geometric_recovery__bcae7a0b37__i00,latent_geometric_recovery,latent_geometric_recovery__bcae7a0b37,0.0848140784523809,0.1965222284065599,0.010016694490818,6.0,0.7146612769282666,0.0390700573935867,0.0570405070267291,0.3237731736695217,3.737232881433824,9.0,50,0.9083333333333332,43,0.655133651943278,,0.1428571428571428,0.4087728395061727,0.1777701014869533,0,180,2026-09-18T11:56:56.245869+00:00,2.6711502855892,1
blind_wave1_geometric,latent_geometric_recovery__c0d568cf33__i00,latent_geometric_recovery,latent_geometric_recovery__c0d568cf33,0.2957929070729905,1.424667527887543,0.020033388981636,12.0,0.4561818188528033,0.0732793165866008,0.0951430335459971,0.1820792881596172,3.001917257929883,5.0,1,1.0,0,0.2471268175579354,,0.2658509454949944,0.3644840277777778,0.3815945294712194,0,180,2026-09-18T11:56:56.245869+00:00,-17.925264148191232,0
blind_wave1_geometric,latent_geometric_recovery__c2f670b3fe__i00,latent_geometric_recovery,latent_geometric_recovery__c2f670b3fe,0.1976409649953044,0.8202899409473345,0.0502092050209205,12.0,0.5059827255139433,0.231280981043592,0.2941669956573233,0.4211819216610747,2.786905073221757,5.0,1,1.0,0,0.2762408481346629,0.0003472222222222,0.1738525730180806,0.4322275270061728,0.2847272479596021,0,180,2026-09-18T11:56:56.245869+00:00,-4.33132201350826,0
blind_wave1_geometric,latent_geometric_recovery__d2cafeebac__i00,latent_geometric_recovery,latent_geometric_recovery__d2cafeebac,0.1921653516197647,0.448194626256313,0.010016694490818,6.0,0.5229899793672136,0.0573790006290006,0.0840722770620712,0.152256292258808,3.984033613445378,8.0,5,0.9933333333333332,4,0.6471741755589968,,0.2205471803461753,0.5046334876543209,0.2755411795908228,0,180,2026-09-18T11:56:56.245869+00:00,-13.173681688620102,0
blind_wave1_geometric,latent_geometric_recovery__ded254cab3__i00,latent_geometric_recovery,latent_geometric_recovery__ded254cab3,0.0865877847141101,0.1460833325457322,0.0251046025104602,6.0,0.537914353639919,0.2176984358234358,0.257319587628866,0.3598371935612568,3.8248808262711855,10.0,4,0.9875,3,0.7238275142614179,0.0006944444444444,0.1851851851851851,0.5754234182098765,0.2200440604557129,0,180,2026-09-18T11:56:56.245869+00:00,-10.82792451633525,0
blind_wave1_geometric,latent_geometric_recovery__e49bb867c7__i00,latent_geometric_recovery,latent_geometric_recovery__e49bb867c7,0.205594193672303,0.369155809967862,0.0502092050209205,12.0,0.6293827811317888,0.0838551065588323,0.1096319153625743,0.2119054925404687,2.570243667400881,7.0,12,0.95,10,0.4310288503454732,0.0003474635163307,0.3333333333333333,0.2435050154320988,0.2070008478958662,0,180,2026-09-18T11:56:56.245869+00:00,-1.3886059217144,0
blind_wave1_geometric,latent_geometric_recovery__f9440f0eb0__i00,latent_geometric_recovery,latent_geometric_recovery__f9440f0eb0,0.194274555850894,0.6193986848409547,0.0251046025104602,6.0,0.4592163211707851,0.019289368039368,0.0239414763910441,0.1438572488180879,3.562957635983264,8.0,1,1.0,0,0.5812591049397724,0.0006944444444444,0.2089136490250696,0.4588985339506173,0.4463914805674771,0,180,2026-09-18T11:56:56.245869+00:00,-11.22490149783707,0
blind_wave2_degree_corrected,latent_degree_corrected_recovery__00b256f37e__i00,latent_degree_corrected_recovery,latent_degree_corrected_recovery__00b256f37e,0.4062100729220286,0.9201177338084264,0.020033388981636,12.0,0.7394473662184532,0.0416231696835488,0.0489710697394853,0.0648746513429383,2.831711707011686,5.0,1,1.0,0,0.2928413655561149,,0.3527939949958298,0.2414658179012346,0.4091201275004914,0,212,2026-09-18T12:59:35.125872+00:00,-4.75124803646223,0
blind_wave2_degree_corrected,latent_degree_corrected_recovery__09ae88de39__i00,latent_degree_corrected_recovery,latent_degree_corrected_recovery__09ae88de39,0.4659337024591873,1.7234492663996148,0.0502092050209205,12.0,0.7573329787753473,0.1073604853729392,0.0990252805716282,-0.0777111233879722,2.45201359832636,4.0,1,1.0,0,0.2301735732452983,0.0006944444444444,0.3379694019471488,0.2333940972222222,0.454839496045618,0,212,2026-09-18T12:59:35.125872+00:00,-6.275237222328631,0
blind_wave2_degree_corrected,latent_degree_corrected_recovery__0fbb1f8b78__i00,latent_degree_corrected_recovery,latent_degree_corrected_recovery__0fbb1f8b78,0.3965100389536699,0.7951690411278859,0.020033388981636,12.0,0.9147960711829998,0.0533935514390544,0.0546124194740732,-0.0382974295141905,2.784836707011686,5.0,1,1.0,0,0.347176547544325,,0.3670464017782717,0.2452092978395061,0.4312120459715243,0,212,2026-09-18T12:59:35.125872+00:00,-15.26093208760242,0
blind_wave2_degree_corrected,latent_degree_corrected_recovery__17c1835450__i00,latent_degree_corrected_recovery,latent_degree_corrected_recovery__17c1835450,0.2468730042477461,0.3526956927257907,0.010016694490818,6.0,0.7238016916869489,0.0175431987946836,0.0190339746213671,0.0165955339386651,3.5756516959799,7.0,3,0.9966666666666668,2,0.5995625839813503,,0.279108635097493,0.3781637345679012,0.4239065209344594,0,212,2026-09-18T12:59:35.125872+00:00,-5.56743081030126,0
blind_wave2_degree_corrected,latent_degree_corrected_recovery__1fc46a8bfa__i00,latent_degree_corrected_recovery,latent_degree_corrected_recovery__1fc46a8bfa,0.4446019146817658,1.6443858101953668,0.020033388981636,12.0,0.7596143027147981,0.045563229270117,0.0468176112325073,-0.0099262051818481,2.7297840150250416,5.0,1,1.0,0,0.2577797419355195,,0.3131256952169077,0.2492489969135802,0.4699759408555061,0,212,2026-09-18T12:59:35.125872+00:00,-9.45763552905897,0
blind_wave2_degree_corrected,latent_degree_corrected_recovery__1fdc7310b5__i00,latent_degree_corrected_recovery,latent_degree_corrected_recovery__1fdc7310b5,0.4871030154859492,1.7564384263642967,0.0502092050209205,12.0,0.5324537016909963,0.0,0.0,-0.0218359185686431,2.6744246861924688,5.0,1,1.0,0,0.2203905735256199,0.0006944444444444,0.3444444444444444,0.2218846450617284,0.5197972605865637,1,212,2026-09-18T12:59:35.125872+00:00,-9.07254379501764,0
blind_wave2_degree_corrected,latent_degree_corrected_recovery__36445d87f1__i00,latent_degree_corrected_recovery,latent_degree_corrected_recovery__36445d87f1,0.4675988657198583,1.842807433089753,0.0502092050209205,12.0,0.7452006938228615,0.105493599213963,0.0914058814278974,-0.0816769901933102,2.408930439330544,4.0,1,1.0,0,0.2681586930838436,0.0006944444444444,0.3523676880222841,0.2356864872685185,0.4496120130123528,0,212,2026-09-18T12:59:35.125872+00:00,-10.224925362203727,0
blind_wave2_degree_corrected,latent_degree_corrected_recovery__38f2b39000__i00,latent_degree_corrected_recovery,latent_degree_corrected_recovery__38f2b39000,0.461360437927873,1.7375536155029725,0.0502092050209205,12.0,0.6574889099191458,0.0977795829482095,0.0974259974259974,0.0112995275423544,2.466429131799164,4.0,1,1.0,0,0.2671904766329228,0.0003472222222222,0.3593314763231198,0.2332605131172839,0.4077593280483176,0,212,2026-09-18T12:59:35.125872+00:00,-3.4573361524546096,0
blind_wave2_degree_corrected,latent_degree_corrected_recovery__51bdee64fa__i00,latent_degree_corrected_recovery,latent_degree_corrected_recovery__51bdee64fa,0.47330271304709,1.7997017997971596,0.0502092050209205,12.0,0.6905446052586696,0.0,0.0,-0.0237810364171462,2.703648012552301,5.0,1,1.0,0,0.2701271724408385,0.0006944444444444,0.3370396108408617,0.224615162037037,0.5060537171942845,1,212,2026-09-18T12:59:35.125872+00:00,-13.55903351164702,0
blind_wave2_degree_corrected,latent_degree_corrected_recovery__5c98f1f0b9__i00,latent_degree_corrected_recovery,latent_degree_corrected_recovery__5c98f1f0b9,0.4557603175488495,1.801685116921758,0.020033388981636,12.0,0.5773502691896257,0.0306157038908943,0.0308888888888888,-0.0074777380749811,2.788214732888147,5.0,1,1.0,0,0.227969671486784,,0.3270089285714285,0.2481324845679012,0.4931400457136976,0,212,2026-09-18T12:59:35.125872+00:00,-0.36185888707408,0
blind_wave2_degree_corrected,latent_degree_corrected_recovery__5f2ba9c470__i00,latent_degree_corrected_recovery,latent_degree_corrected_recovery__5f2ba9c470,0.4534583365004997,0.939190003382038,0.020033388981636,12.0,0.7499074016911096,0.0,0.0,0.01327611261859,3.0775501672240804,6.0,2,0.9983333333333332,1,0.2783199168026158,,0.3403958739894062,0.2282465663580246,0.4830303222812167,0,212,2026-09-18T12:59:35.125872+00:00,-18.09360568323484,0
blind_wave2_degree_corrected,latent_degree_corrected_recovery__612d9e2836__i00,latent_degree_corrected_recovery,latent_degree_corrected_recovery__612d9e2836,0.2544089109876529,0.632327073235128,0.010016694490818,6.0,0.6553907514124967,0.0,0.0,0.0192743452610849,3.793146008403361,8.0,5,0.9933333333333332,4,0.5708646526673211,,0.2695942190105614,0.3738172839506173,0.4580010847924926,0,212,2026-09-18T12:59:35.125872+00:00,-14.7525368196313,0
blind_wave2_degree_corrected,latent_degree_corrected_recovery__662b9b9898__i00,latent_degree_corrected_recovery,latent_degree_corrected_recovery__662b9b9898,0.2078750838263086,0.3101288424826507,0.0251046025104602,6.0,0.7171832763330807,0.0368376331411788,0.0417382342837512,-0.0635823512187779,3.185858718487395,7.0,2,0.9958333333333332,1,0.6025130987109482,0.0006944444444444,0.3159420289855073,0.3812046682098765,0.4221380282169898,0,212,2026-09-18T12:59:35.125872+00:00,-2.74979196093467,0
blind_wave2_degree_corrected,latent_degree_corrected_recovery__6c15abd126__i00,latent_degree_corrected_recovery,latent_degree_corrected_recovery__6c15abd126,0.1473956576610714,0.2846365456669203,0.010016694490818,6.0,0.8269757486703518,0.0,0.0,0.0738613073902222,3.821371140651801,9.0,17,0.9733333333333334,16,0.7008283597786359,,0.25,0.3631624999999999,0.4219216126344643,0,212,2026-09-18T12:59:35.125872+00:00,-18.69188671874661,0
blind_wave2_degree_corrected,latent_degree_corrected_recovery__6d51a6d507__i00,latent_degree_corrected_recovery,latent_degree_corrected_recovery__6d51a6d507,0.44850955069696,0.8014679534454942,0.020033388981636,12.0,0.9396610894162656,0.0675769985482685,0.0641721547643548,-0.0429756487608102,2.7782431722689074,5.0,5,0.9933333333333332,4,0.3628682808487324,,0.3285118219749652,0.2517006172839506,0.4380051823186053,0,212,2026-09-18T12:59:35.125872+00:00,-4.87281244117953,0
blind_wave2_degree_corrected,latent_degree_corrected_recovery__75d6dffc86__i00,latent_degree_corrected_recovery,latent_degree_corrected_recovery__75d6dffc86,0.2212137682565645,0.3320804683599812,0.010016694490818,6.0,0.8226537906429772,0.0184646188138833,0.0207860690416334,-0.021355039303206,3.566896186440678,7.0,10,0.985,9,0.7062739674171942,,0.2998885172798216,0.3787547839506172,0.4116676368667202,0,212,2026-09-18T12:59:35.125872+00:00,-8.323838840954439,0
blind_wave2_degree_corrected,latent_degree_corrected_recovery__76bd37f76c__i00,latent_degree_corrected_recovery,latent_degree_corrected_recovery__76bd37f76c,0.2679831103170454,0.5660354154281548,0.0251046025104602,6.0,0.6858355272004873,0.0510845117760685,0.0474076704545454,-0.0123219486013345,3.0958024364406778,6.0,4,0.9875,3,0.5766372159542004,0.0006944444444444,0.2844574780058651,0.3612191358024692,0.4156857404346167,0,212,2026-09-18T12:59:35.125872+00:00,2.29811944720574,1
blind_wave2_degree_corrected,latent_degree_corrected_recovery__81973d4216__i00,latent_degree_corrected_recovery,latent_degree_corrected_recovery__81973d4216,0.4589565027607742,0.8931571732088779,0.020033388981636,12.0,0.7798088559716745,0.0480138503006556,0.0401244876271443,-0.0622547542997663,2.7471436769616027,5.0,1,1.0,0,0.251896785414952,,0.3309212357361536,0.2467560185185185,0.4774727269279404,0,212,2026-09-18T12:59:35.125872+00:00,-8.500648146650889,0
blind_wave2_degree_corrected,latent_degree_corrected_recovery__85ea43fc46__i00,latent_degree_corrected_recovery,latent_degree_corrected_recovery__85ea43fc46,0.2132679829494619,0.3179085536640632,0.010016694490818,6.0,0.966043860671316,0.0305423681617042,0.0286178520886838,-0.0214390771441008,3.4665277164310955,7.0,32,0.945,29,0.7063356470232878,,0.3333333333333333,0.3681945987654321,0.4253599419547349,0,212,2026-09-18T12:59:35.125872+00:00,-5.32602070179537,0
blind_wave2_degree_corrected,latent_degree_corrected_recovery__89ba38eaea__i00,latent_degree_corrected_recovery,latent_degree_corrected_recovery__89ba38eaea,0.2692157460879262,0.522944952344508,0.0251046025104602,6.0,0.7975657409336933,0.0,0.0,-0.0284835271009857,3.3155585106382977,7.0,5,0.9833333333333332,4,0.6659107261411077,0.0006944444444444,0.2793296089385474,0.3587683256172839,0.4420596631722737,0,212,2026-09-18T12:59:35.125872+00:00,-10.28819699155291,0
blind_wave2_degree_corrected,latent_degree_corrected_recovery__89f2d69557__i00,latent_degree_corrected_recovery,latent_degree_corrected_recovery__89f2d69557,0.2866886629193702,0.7203415209758696,0.0251046025104602,6.0,0.6875210434489879,0.0,0.0,-0.027270306631175,3.385837765957447,7.0,5,0.9833333333333332,4,0.7035070188066068,0.0006944444444444,0.2805555555555555,0.3533748070987654,0.4514134631593606,0,212,2026-09-18T12:59:35.125872+00:00,-16.09910009014427,0
blind_wave2_degree_corrected,latent_degree_corrected_recovery__8ccd22fee4__i00,latent_degree_corrected_recovery,latent_degree_corrected_recovery__8ccd22fee4,0.4688835212502956,0.9285540194809851,0.0502092050209205,12.0,0.8802751043050457,0.1615641641010676,0.1291139240506329,-0.1037127555575397,2.464712447478992,5.0,2,0.9958333333333332,1,0.355512390258201,0.0003472222222222,0.3570929419986023,0.2257272376543209,0.4314817134035382,0,212,2026-09-18T12:59:35.125872+00:00,-0.0056823050428083,0
blind_wave2_degree_corrected,latent_degree_corrected_recovery__a6c88cfe33__i00,latent_degree_corrected_recovery,latent_degree_corrected_recovery__a6c88cfe33,0.2600308347811945,0.5701956981808285,0.0251046025104602,6.0,0.9925649526278798,0.0748157592400142,0.0756109979633401,-0.0464253657186856,3.041734307359308,6.0,9,0.9666666666666668,8,0.7469697148314289,0.0006944444444444,0.318051575931232,0.3602517361111111,0.3977925290098757,0,212,2026-09-18T12:59:35.125872+00:00,-1.25846821155547,0
blind_wave2_degree_corrected,latent_degree_corrected_recovery__a8b5dccfc2__i00,latent_degree_corrected_recovery,latent_degree_corrected_recovery__a8b5dccfc2,0.2460471303264182,0.3660471094583852,0.0251046025104602,6.0,0.8019074482479606,0.0511588316509414,0.0526810912511759,-0.0056494223400346,3.1658653846153846,7.0,6,0.9791666666666666,5,0.6044139210411348,0.0006944444444444,0.2914923291492329,0.3629755015432098,0.4143525077972846,0,212,2026-09-18T12:59:35.125872+00:00,-3.85079610225475,0
blind_wave2_degree_corrected,latent_degree_corrected_recovery__b0e7629fc6__i00,latent_degree_corrected_recovery,latent_degree_corrected_recovery__b0e7629fc6,0.1955445915428242,0.2921172334058006,0.010016694490818,6.0,0.9033886821911769,0.0216082425782267,0.0220613001010441,-0.0569873246860204,3.474050867174281,8.0,9,0.9866666666666668,8,0.66969984796009,,0.3203559510567297,0.3778287037037037,0.4192201792943456,0,212,2026-09-18T12:59:35.125872+00:00,-2.93159893572347,0
blind_wave2_degree_corrected,latent_degree_corrected_recovery__b3e56ae95a__i00,latent_degree_corrected_recovery,latent_degree_corrected_recovery__b3e56ae95a,0.4949858049189533,0.9489338978685976,0.0502092050209205,12.0,0.8733118636037823,0.15281502190542,0.1263310245011888,-0.08961038528093,2.4534518828451883,4.0,1,1.0,0,0.2950551021878622,0.0003472222222222,0.3602225312934631,0.2333116319444444,0.4124600548595112,0,212,2026-09-18T12:59:35.125872+00:00,-3.54148037520282,0
blind_wave2_degree_corrected,latent_degree_corrected_recovery__c39ab90487__i00,latent_degree_corrected_recovery,latent_degree_corrected_recovery__c39ab90487,0.219703778741528,0.4504494803209456,0.0251046025104602,6.0,0.7192781875680029,0.0342051383581619,0.0447300771208226,0.0564337524791865,3.188031914893617,7.0,5,0.9833333333333332,4,0.6026880099168459,0.0006944444444444,0.3314763231197771,0.368365162037037,0.3850791027170337,0,212,2026-09-18T12:59:35.125872+00:00,-0.7728323181494,0
blind_wave2_degree_corrected,latent_degree_corrected_recovery__c85617e22f__i00,latent_degree_corrected_recovery,latent_degree_corrected_recovery__c85617e22f,0.4594945985077444,0.8268947677276114,0.020033388981636,12.0,0.6282323821054802,0.0,0.0,-0.011225316470578,3.0479705759599334,6.0,1,1.0,0,0.2519837038110639,,0.3483333333333333,0.2343394675925926,0.4886259107724939,0,212,2026-09-18T12:59:35.125872+00:00,-11.82432226909208,0
blind_wave2_degree_corrected,latent_degree_corrected_recovery__db01864d21__i00,latent_degree_corrected_recovery,latent_degree_corrected_recovery__db01864d21,0.2055515929781473,0.3069544704270145,0.010016694490818,6.0,0.996568185398344,0.0265964703647954,0.0298083747338537,-0.0161280640461979,3.4850407608695653,7.0,24,0.96,22,0.7746496400282169,,0.3333333333333333,0.3618083333333333,0.4042391594559366,0,212,2026-09-18T12:59:35.125872+00:00,-1.78841391799243,0
blind_wave2_degree_corrected,latent_degree_corrected_recovery__ea70debac0__i00,latent_degree_corrected_recovery,latent_degree_corrected_recovery__ea70debac0,0.4616143381074744,1.6934338712557864,0.0502092050209205,12.0,0.6153890669354661,0.08551557011484,0.085909578270193,-0.0244712633747284,2.452111663179916,4.0,1,1.0,0,0.2379524044826005,0.0006944444444444,0.3416840640222686,0.2380328896604938,0.4404763374499824,0,212,2026-09-18T12:59:35.125872+00:00,-1.73751374346749,0
blind_wave2_degree_corrected,latent_degree_corrected_recovery__ecb6d41f81__i00,latent_degree_corrected_recovery,latent_degree_corrected_recovery__ecb6d41f81,0.1843600488747398,0.3075488708593074,0.010016694490818,6.0,0.864420165325996,0.023803693333166,0.0289982425307557,0.0241351355647521,3.668827193356048,8.0,13,0.98,12,0.8346743583330574,,0.3333333333333333,0.378107561728395,0.380294838692782,0,212,2026-09-18T12:59:35.125872+00:00,-3.68381922429528,0
blind_wave2_degree_corrected,latent_degree_corrected_recovery__f20bc6a226__i00,latent_degree_corrected_recovery,latent_degree_corrected_recovery__f20bc6a226,0.2190128771170849,0.3711917103819935,0.0251046025104602,6.0,1.013336988297502,0.0792164424517674,0.078397212543554,-0.1000033135933396,3.051241812227074,6.0,11,0.9583333333333334,10,0.7522473660217899,0.0006944444444444,0.3333333333333333,0.3381153549382716,0.415734275813856,0,212,2026-09-18T12:59:35.125872+00:00,-16.85641385256944,0
blind_wave3_hierarchical,latent_hierarchical_recovery__03381c6654__i00,latent_hierarchical_recovery,latent_hierarchical_recovery__03381c6654,0.4176764556898102,2.6237969825302514,0.020033388981636,12.0,0.277305153482852,0.0215934763887045,0.0213876333814826,0.0066869686442982,2.8291162353923207,4.0,1,1.0,0,0.1964951133065045,,0.2822085889570552,0.2505661651234567,0.5864090706610414,1,244,2026-09-18T13:58:17.594389+00:00,-8.19804824532266,0
blind_wave3_hierarchical,latent_hierarchical_recovery__03d99efe3e__i00,latent_hierarchical_recovery,latent_hierarchical_recovery__03d99efe3e,0.2666557066985953,0.7225350605242237,0.0251046025104602,6.0,0.4124789556921527,0.0302951215451215,0.0256055363321799,-0.0123250173741608,3.281871077405858,6.0,1,1.0,0,0.5233627930672133,0.0006944444444444,0.2600834492350486,0.3813271604938271,0.501722177018217,1,244,2026-09-18T13:58:17.594389+00:00,-5.50314375040767,0
blind_wave3_hierarchical,latent_hierarchical_recovery__08d45081c2__i00,latent_hierarchical_recovery,latent_hierarchical_recovery__08d45081c2,0.2538142556407921,0.6040298505932478,0.010016694490818,6.0,0.4144384867012947,0.0118051387610211,0.0116075541225241,-0.0299569984135451,3.777153999162479,7.0,3,0.9966666666666668,2,0.5536553395912347,,0.2352610892756878,0.3900243827160494,0.5293003304077813,1,244,2026-09-18T13:58:17.594389+00:00,-5.8771989973658805,0
blind_wave3_hierarchical,latent_hierarchical_recovery__0959d23927__i00,latent_hierarchical_recovery,latent_hierarchical_recovery__0959d23927,0.4581578439186585,1.5615576448106414,0.020033388981636,12.0,0.2996139491387517,0.020901226377283,0.0208381250287501,0.0189215161684263,2.825229549248748,5.0,1,1.0,0,0.204739446915958,,0.3262923846581434,0.2479880015432098,0.5396060250287217,1,244,2026-09-18T13:58:17.594389+00:00,-1.05669933173871,0
blind_wave3_hierarchical,latent_hierarchical_recovery__0c6db306e3__i00,latent_hierarchical_recovery,latent_hierarchical_recovery__0c6db306e3,0.2621937793405763,0.7037828517828705,0.0251046025104602,6.0,0.3797538188918749,0.0262373737373737,0.0241534454179493,-0.0106031971287248,3.2578451882845187,6.0,1,1.0,0,0.5502499105737078,0.0006944444444444,0.2646239554317549,0.3786284722222222,0.518668997422246,1,244,2026-09-18T13:58:17.594389+00:00,-4.53460654701318,0
blind_wave3_hierarchical,latent_hierarchical_recovery__1ad85fae97__i00,latent_hierarchical_recovery,latent_hierarchical_recovery__1ad85fae97,0.2501376586653045,0.7514904908344568,0.0251046025104602,6.0,0.4205375748394569,0.0332438857438857,0.0288725939505041,0.0595555874351244,3.2725876046025104,6.0,1,1.0,0,0.5181407499895849,0.0006944444444444,0.2600834492350486,0.383545524691358,0.4776216407898634,0,244,2026-09-18T13:58:17.594389+00:00,-3.16199707480218,0
blind_wave3_hierarchical,latent_hierarchical_recovery__1d24168793__i00,latent_hierarchical_recovery,latent_hierarchical_recovery__1d24168793,0.3835353412194304,3.2950299936440994,0.020033388981636,12.0,0.2787206221024652,0.0247665476929207,0.0241642611043858,-0.0091374430769797,2.8385720993322203,5.0,1,1.0,0,0.2117710178785819,,0.2491657397107897,0.2898762731481481,0.6310410367955972,1,244,2026-09-18T13:58:17.594389+00:00,-7.23045562040932,0
blind_wave3_hierarchical,latent_hierarchical_recovery__1e1f5db096__i00,latent_hierarchical_recovery,latent_hierarchical_recovery__1e1f5db096,0.4267183012646053,4.0912671706545645,0.0502092050209205,12.0,0.2797154638927578,0.048509249787307,0.0476384364820846,-0.0222374026521571,2.476104864016736,4.0,1,1.0,0,0.1957223706236689,0.0017361111111111,0.2957550452331245,0.2490077642746913,0.6406280890955546,1,244,2026-09-18T13:58:17.594389+00:00,-4.94665744211047,0
blind_wave3_hierarchical,latent_hierarchical_recovery__22fa3f18ef__i00,latent_hierarchical_recovery,latent_hierarchical_recovery__22fa3f18ef,0.2783945337715791,0.7990986599618608,0.0251046025104602,6.0,0.4235541856104696,0.0309846866096865,0.0253714285714285,-0.0554616538977985,3.234211558577406,6.0,1,1.0,0,0.565701023611675,0.0006944444444444,0.2534818941504178,0.3728279320987654,0.498748456985584,0,244,2026-09-18T13:58:17.594389+00:00,-2.44868719659902,0
blind_wave3_hierarchical,latent_hierarchical_recovery__268720a796__i00,latent_hierarchical_recovery,latent_hierarchical_recovery__268720a796,0.4645644400110418,3.433989091128958,0.020033388981636,12.0,0.2867038089633168,0.0226896469655589,0.0229426896248059,0.0033247782409927,2.841767529215359,4.0,1,1.0,0,0.1894131516488631,,0.3284997211377579,0.2541091435185185,0.5819265643534991,1,244,2026-09-18T13:58:17.594389+00:00,-0.1472114928356,0
blind_wave3_hierarchical,latent_hierarchical_recovery__279a7262b7__i00,latent_hierarchical_recovery,latent_hierarchical_recovery__279a7262b7,0.4670809464166495,3.0963994051798944,0.0502092050209205,12.0,0.2466206788962743,0.0543140405775854,0.0529275945769936,0.0033361553837943,2.475941422594142,4.0,1,1.0,0,0.2054710458889351,0.0013888888888888,0.3314724354501047,0.2396858121141975,0.5929086774316226,1,244,2026-09-18T13:58:17.594389+00:00,-3.48156780427649,0
blind_wave3_hierarchical,latent_hierarchical_recovery__28bd465752__i00,latent_hierarchical_recovery,latent_hierarchical_recovery__28bd465752,0.4636736194551872,2.542326736800645,0.0502092050209205,12.0,0.265818965128943,0.0559466833547715,0.0550378055213645,-0.0163254749344841,2.4829694037656904,4.0,1,1.0,0,0.1959340097526516,0.0010416666666666,0.3236111111111111,0.2376656539351851,0.555059518580857,1,244,2026-09-18T13:58:17.594389+00:00,0.08253258188243,0
blind_wave3_hierarchical,latent_hierarchical_recovery__32dadca506__i00,latent_hierarchical_recovery,latent_hierarchical_recovery__32dadca506,0.2593546184755911,0.8311028149326579,0.0251046025104602,6.0,0.381274665261633,0.0174506049506049,0.0170293282876064,-0.0142616262616745,3.251536349372385,6.0,1,1.0,0,0.4715838021701214,0.0006944444444444,0.226890756302521,0.3789187885802469,0.5662777688323535,1,244,2026-09-18T13:58:17.594389+00:00,-2.10587822826593,0
blind_wave3_hierarchical,latent_hierarchical_recovery__3e861b85d8__i00,latent_hierarchical_recovery,latent_hierarchical_recovery__3e861b85d8,0.272667504071608,0.8165164950103653,0.0251046025104602,6.0,0.3958698813536627,0.0211087523587523,0.0231470657002571,0.0263774169089037,3.257616370292887,6.0,1,1.0,0,0.4932445241508271,0.0006944444444444,0.2496392496392496,0.3717139274691358,0.5329146984294867,1,244,2026-09-18T13:58:17.594389+00:00,-6.91707194103182,0
blind_wave3_hierarchical,latent_hierarchical_recovery__44fbeb0a1e__i00,latent_hierarchical_recovery,latent_hierarchical_recovery__44fbeb0a1e,0.2645493116482256,0.5793743584740018,0.010016694490818,6.0,0.4087016479499893,0.0144333074333074,0.0127730470196223,-0.0276914468372781,3.727714091289782,7.0,3,0.9966666666666668,2,0.5208206511561478,,0.2555555555555555,0.388533487654321,0.5266013337148268,1,244,2026-09-18T13:58:17.594389+00:00,1.81511363750974,1
blind_wave3_hierarchical,latent_hierarchical_recovery__4824430952__i00,latent_hierarchical_recovery,latent_hierarchical_recovery__4824430952,0.3757899090294118,3.996296156186161,0.0502092050209205,12.0,0.2608745973749755,0.0575936994077473,0.058885754583921,0.0195130963716748,2.4793410041841004,4.0,1,1.0,0,0.1954989284350804,0.0017361111111111,0.2442588726513569,0.2722624903549382,0.6526756208806883,1,244,2026-09-18T13:58:17.594389+00:00,-6.30188757788863,0
blind_wave3_hierarchical,latent_hierarchical_recovery__49a4e2588a__i00,latent_hierarchical_recovery,latent_hierarchical_recovery__49a4e2588a,0.2538473915600764,0.6314244694862143,0.010016694490818,6.0,0.4283906144145999,0.0123024151774151,0.0122928428337279,-0.0175749680991718,3.803169493299833,7.0,3,0.9966666666666668,2,0.5188482608553979,,0.2380422691879866,0.3986496913580247,0.5145701284720126,1,244,2026-09-18T13:58:17.594389+00:00,-2.0652535335464,0
blind_wave3_hierarchical,latent_hierarchical_recovery__61ec6e8c8d__i00,latent_hierarchical_recovery,latent_hierarchical_recovery__61ec6e8c8d,0.2697292973925673,0.7355290963646974,0.010016694490818,6.0,0.3929942040850532,0.008801985051985,0.0106861642294713,0.0203060712278471,3.777317533557047,7.0,4,0.995,3,0.5383488307152507,,0.248464544946957,0.3813604938271604,0.5234117363191355,1,244,2026-09-18T13:58:17.594389+00:00,-0.55124731691117,0
blind_wave3_hierarchical,latent_hierarchical_recovery__7402bdf97c__i00,latent_hierarchical_recovery,latent_hierarchical_recovery__7402bdf97c,0.4563357538818229,2.719306224747508,0.020033388981636,12.0,0.2802528620133372,0.0207936654313017,0.0204451887516572,-0.0204602388160256,2.836407032554257,4.0,1,1.0,0,0.1972804893250942,,0.3201559020044543,0.2568604938271605,0.582388234304617,1,244,2026-09-18T13:58:17.594389+00:00,1.6159383024035,1
blind_wave3_hierarchical,latent_hierarchical_recovery__8569da4135__i00,latent_hierarchical_recovery,latent_hierarchical_recovery__8569da4135,0.2500091687163274,0.648990970142253,0.010016694490818,6.0,0.3912231531435167,0.0117068764568764,0.0121092649957758,0.0208801367954867,3.7482333542713566,8.0,2,0.9966666666666668,0,0.5589418495667056,,0.2460850111856823,0.3942308641975308,0.5447101830323371,1,244,2026-09-18T13:58:17.594389+00:00,-1.40427383494234,0
blind_wave3_hierarchical,latent_hierarchical_recovery__87cd9e2a0f__i00,latent_hierarchical_recovery,latent_hierarchical_recovery__87cd9e2a0f,0.465756612368834,2.527094500401594,0.020033388981636,12.0,0.2770128356432443,0.0197020730711335,0.0195036700454386,-0.0183574847214252,2.829168405676127,5.0,1,1.0,0,0.1872551858677275,,0.3275814082939048,0.2493670524691358,0.6031033703140088,1,244,2026-09-18T13:58:17.594389+00:00,-0.8643103868348601,0
blind_wave3_hierarchical,latent_hierarchical_recovery__8969c016cf__i00,latent_hierarchical_recovery,latent_hierarchical_recovery__8969c016cf,0.4747083502282379,1.7285122031753042,0.0502092050209205,12.0,0.2931509849889643,0.0460551487341347,0.0474458874458874,-0.0437555424869544,2.4814003661087867,4.0,1,1.0,0,0.2010156967348594,0.0006944444444444,0.3296244784422809,0.2410631269290123,0.5191546116022486,1,244,2026-09-18T13:58:17.594389+00:00,4.94954618034232,1
blind_wave3_hierarchical,latent_hierarchical_recovery__ad8bfc9dc8__i00,latent_hierarchical_recovery,latent_hierarchical_recovery__ad8bfc9dc8,0.2867603133386616,0.6336793751082196,0.0251046025104602,6.0,0.4028256676510554,0.0264329651829651,0.0265054638456173,-0.0603037298419205,3.228131537656904,6.0,1,1.0,0,0.5562976929855301,0.0006944444444444,0.2597765363128491,0.3798861882716048,0.5109034914240568,1,244,2026-09-18T13:58:17.594389+00:00,-4.72597912374858,0
blind_wave3_hierarchical,latent_hierarchical_recovery__bd68a48ee4__i00,latent_hierarchical_recovery,latent_hierarchical_recovery__bd68a48ee4,0.4545635974167852,3.3603046460313863,0.020033388981636,12.0,0.2813657169355689,0.0192374510594324,0.0195258019525801,-0.0007107843137243,2.8336550500834723,4.0,1,1.0,0,0.1955617636620205,,0.3175619259671584,0.2473853395061728,0.5864032686736578,1,244,2026-09-18T13:58:17.594389+00:00,-1.89150323955574,0
blind_wave3_hierarchical,latent_hierarchical_recovery__ca7f8766ba__i00,latent_hierarchical_recovery,latent_hierarchical_recovery__ca7f8766ba,0.4769493915353916,3.5128280017548974,0.0502092050209205,12.0,0.270993542358485,0.0480920948604771,0.0480448886550938,-0.0109795932175368,2.468128922594142,4.0,1,1.0,0,0.2044537896642967,0.0013888888888888,0.3184668989547038,0.2385529996141975,0.6027849148317435,1,244,2026-09-18T13:58:17.594389+00:00,-10.41679893065684,0
blind_wave3_hierarchical,latent_hierarchical_recovery__ddc3bce790__i00,latent_hierarchical_recovery,latent_hierarchical_recovery__ddc3bce790,0.4840234867896816,2.807847803216343,0.0502092050209205,12.0,0.2779513346692986,0.0479527802492198,0.0480349344978165,-0.0204463541795166,2.477281642259414,4.0,1,1.0,0,0.1985581163642094,0.0010416666666666,0.3291492329149233,0.2486646412037036,0.5536417760409954,1,244,2026-09-18T13:58:17.594389+00:00,-5.82650028891446,0
blind_wave3_hierarchical,latent_hierarchical_recovery__e3ee274250__i00,latent_hierarchical_recovery,latent_hierarchical_recovery__e3ee274250,0.2590958652694647,0.5203360139515327,0.010016694490818,6.0,0.3995367688081156,0.0103170255670255,0.0128683327116747,0.0005848549061579,3.795555497491639,7.0,2,0.9983333333333332,1,0.4911005952220414,,0.2589285714285714,0.3922123456790123,0.5499314018018181,1,244,2026-09-18T13:58:17.594389+00:00,-1.7812250807433898,0
blind_wave3_hierarchical,latent_hierarchical_recovery__ea6ef98fe2__i00,latent_hierarchical_recovery,latent_hierarchical_recovery__ea6ef98fe2,0.2796703631374604,0.6954002498791919,0.0251046025104602,6.0,0.4048319267163706,0.0226392126392126,0.0174094707520891,-0.090178405500835,3.2594142259414225,6.0,1,1.0,0,0.532736138059184,0.0006944444444444,0.2615384615384615,0.3699209104938271,0.5257158461645245,1,244,2026-09-18T13:58:17.594389+00:00,1.30181979659587,1
blind_wave3_hierarchical,latent_hierarchical_recovery__f7b2dee097__i00,latent_hierarchical_recovery,latent_hierarchical_recovery__f7b2dee097,0.2577031498868031,0.6786670189456706,0.010016694490818,6.0,0.4018475848894472,0.0080222092722092,0.0078183172002978,-0.0587373191557319,3.743258779264214,7.0,2,0.9983333333333332,1,0.5384702564974563,,0.2625139043381535,0.3929067901234568,0.5554778764989263,1,244,2026-09-18T13:58:17.594389+00:00,-4.20841239007923,0
blind_wave3_hierarchical,latent_hierarchical_recovery__f83e5423f5__i00,latent_hierarchical_recovery,latent_hierarchical_recovery__f83e5423f5,0.213746475687601,0.5545076188239914,0.010016694490818,6.0,0.4169998667732268,0.0102432289932289,0.010204081632653,-0.0199127568789606,3.800376254180602,7.0,2,0.9983333333333332,1,0.5899090254723502,,0.2736373748609566,0.3851489197530864,0.506134070907334,1,244,2026-09-18T13:58:17.594389+00:00,-5.85140537758622,0
blind_wave3_hierarchical,latent_hierarchical_recovery__f859c9e00c__i00,latent_hierarchical_recovery,latent_hierarchical_recovery__f859c9e00c,0.4597265046705218,2.471870967539961,0.020033388981636,12.0,0.2653177689460668,0.0216464950741266,0.0215285757838699,-0.0007359438376925,2.8487713898163607,5.0,1,1.0,0,0.1898516050529154,,0.3183082915971063,0.2500103395061728,0.6022988660528469,1,244,2026-09-18T13:58:17.594389+00:00,-5.83922030199021,0
blind_wave3_hierarchical,latent_hierarchical_recovery__ff5833e250__i00,latent_hierarchical_recovery,latent_hierarchical_recovery__ff5833e250,0.4627139219346508,2.655515697858602,0.0502092050209205,12.0,0.274389051989783,0.0521577666925711,0.0484802520273029,-0.0286330909203164,2.4735878661087867,4.0,1,1.0,0,0.1912350539699373,0.0010416666666666,0.336116910229645,0.2467088638117283,0.5500592475010491,1,244,2026-09-18T13:58:17.594389+00:00,-1.99878167270949,0
