feature,direction_learned_on_old_graphs,threshold_original_scale,train_oriented_auc,blind_oriented_auc,blind_auc_ci95_low,blind_auc_ci95_high,blind_balanced_accuracy,blind_precision,blind_recall,blind_specificity,tn,fp,fn,tp,blind_positive_median,blind_negative_median
degree_cv,lower,0.4045102232142886,0.5653511705685619,0.5555555555555556,0.386941251596424,0.7215836526181354,0.4789272030651341,0.08,0.2222222222222222,0.735632183908046,64,23,7,2,0.5432668671002208,0.5893342131717917
degree_assortativity,lower,-0.0248589706125119,0.5357859531772575,0.5312899106002554,0.31159003831417625,0.735632183908046,0.5632183908045977,0.14285714285714285,0.3333333333333333,0.7931034482758621,69,18,6,3,-0.0123219486013345,0.0033361553837943
lambda2_norm_laplacian,higher,0.4591855361331682,0.5491638795986622,0.4865900383141763,0.2911558109833972,0.6845466155810983,0.4578544061302682,0.05555555555555555,0.1111111111111111,0.8045977011494253,70,17,8,1,0.2679831103170454,0.2600308347811945
approx_diameter,lower,5.0,0.5139130434782608,0.4840357598978288,0.30140485312899107,0.6717752234993615,0.4157088122605364,0.05555555555555555,0.2222222222222222,0.6091954022988506,53,34,7,2,6.0,6.0
avg_clustering,lower,0.0084746873496873,0.5153177257525083,0.4814814814814815,0.30268199233716475,0.6475095785440613,0.4425287356321839,0.0,0.0,0.8850574712643678,77,10,9,0,0.0460551487341347,0.0416231696835488
modularity,lower,0.374917409438868,0.5337792642140469,0.4776500638569604,0.28607918263090676,0.6666666666666666,0.4846743295019157,0.08928571428571429,0.5555555555555556,0.41379310344827586,36,51,4,5,0.3699209104938271,0.3629755015432098
transitivity,lower,0.0092130518234165,0.5181270903010033,0.47637292464878667,0.2950191570881226,0.6513409961685823,0.4425287356321839,0.0,0.0,0.8850574712643678,77,10,9,0,0.0474458874458874,0.0449095106874208
approx_avg_shortest_path,lower,3.27859112394958,0.5260200668896321,0.4725415070242656,0.29118773946360155,0.6577586206896553,0.5057471264367817,0.09523809523809523,0.6666666666666666,0.3448275862068966,30,57,3,6,3.1544053819444446,3.0775501672240804
spectral_sweep_conductance,higher,0.3295019157088122,0.5034113712374582,0.4661558109833972,0.2592432950191571,0.6717752234993614,0.4731800766283525,0.07692307692307693,0.2222222222222222,0.7241379310344828,63,24,7,2,0.2844574780058651,0.2886093640810622
effective_resistance_sample,lower,0.5128334190446084,0.5410033444816053,0.45466155810983394,0.2873243933588761,0.6475415070242658,0.3908045977011494,0.058823529411764705,0.3333333333333333,0.4482758620689655,39,48,6,3,0.532736138059184,0.4346675786090021
density,lower,0.0201502504173622,0.500200668896321,0.45402298850574707,0.27458492975734355,0.6455938697318008,0.40804597701149425,0.0625,0.3333333333333333,0.4827586206896552,42,45,6,3,0.0251046025104602,0.020033388981636
num_components,lower,2.0,0.5078260869565216,0.4144316730523627,0.23114623243933588,0.590676883780332,0.3735632183908046,0.05555555555555555,0.3333333333333333,0.41379310344827586,36,51,6,3,4.0,2.0
num_isolates,lower,1.0,0.5078260869565216,0.4112388250319285,0.22603767560664115,0.5919699872286079,0.3735632183908046,0.05555555555555555,0.3333333333333333,0.41379310344827586,36,51,6,3,3.0,1.0
algebraic_connectivity,higher,3.5090131494731645,0.5559866220735786,0.41123882503192843,0.22860791826309068,0.6028097062579821,0.4827586206896552,0.0,0.0,0.9655172413793104,84,3,9,0,0.5793743584740018,0.7037828517828705
avg_degree,higher,6.108333333333333,0.5392642140468228,0.4080459770114942,0.2509578544061303,0.5804597701149425,0.40804597701149425,0.0625,0.3333333333333333,0.4827586206896552,42,45,6,3,6.0,12.0
largest_cc_ratio,higher,0.9958333333333332,0.508561872909699,0.39974457215836523,0.2062579821200511,0.5925925925925926,0.4118773946360153,0.06896551724137931,0.4444444444444444,0.3793103448275862,33,54,5,4,0.9875,0.9983333333333332
edge_connectivity_ratio,higher,0.0014025245441795,0.5264214046822742,0.3556832694763729,0.20561941251596422,0.5204501915708812,0.4885057471264368,0.0,0.0,0.9770114942528736,85,2,9,0,0.0006944444444444,0.0007429568135653
