feature,linear_abs_standardized_coefficient,extra_trees_importance,mean_normalized_importance
degree_cv,0.7714603769306514,0.2461679477015631,0.2647247688157418
degree_assortativity,0.2800061728596508,0.0643718235007315,0.08359528818098727
avg_degree,0.30379753667095427,0.05110738667786529,0.08133118482031138
effective_resistance_sample,0.16770598939782805,0.07840961780017047,0.06999577415121293
largest_cc_ratio,0.2812431032805055,0.028963590452563893,0.06611827315604105
avg_clustering,0.1038211448905353,0.08080885662585967,0.05946608064946926
transitivity,0.09565517912440549,0.0727927685819225,0.053958758223374356
algebraic_connectivity,0.06012796209490915,0.07983984877482092,0.05095947042946403
num_isolates,0.09548404057812014,0.043114413628305336,0.039088159560890054
modularity,0.14259531817118884,0.023437727713067652,0.037899488070062576
spectral_sweep_conductance,0.11113948045696535,0.021881263394730423,0.031345936797477075
approx_avg_shortest_path,0.09816174585320009,0.024431085101927284,0.03023812431091512
edge_connectivity_ratio,0.0012768106886356851,0.05607908805644321,0.02827396757914672
lambda2_norm_laplacian,0.03413078557604433,0.043683131712994684,0.02810800771966005
approx_diameter,0.08228324130622339,0.02530790840493563,0.027761228742317325
num_components,0.04871549946662162,0.03512757627324185,0.026507996132137526
density,0.045694282085268434,0.024475965598856682,0.020627492660791398
